User,Team,Outcome,Game Length,Task Completed,All Tasks Completed,Time to complete all tasks,Sabotages Fixed,Murdered,Ejected,Night,Morning,Afternoon,Evening
1,1,1,424,3,0,0,2.0,1,0,1,0,0,0
1,1,0,981,7,1,588,1.0,0,0,1,0,0,0
1,1,1,693,3,0,0,0.0,0,0,1,0,0,0
1,1,0,310,4,0,0,0.0,0,0,1,0,0,0
1,1,0,982,7,1,736,0.0,1,0,1,0,0,0
1,1,0,1301,8,1,1118,1.0,1,0,1,0,0,0
1,1,1,1123,8,1,468,0.0,0,1,0,0,1,0
1,1,1,795,7,1,795,0.0,1,0,0,0,1,0
1,1,0,763,7,1,763,0.0,1,0,0,0,1,0
1,1,1,660,4,0,0,0.0,1,0,0,0,1,0
1,1,1,1063,7,1,719,0.0,0,0,0,0,1,0
1,1,0,826,6,0,0,0.0,1,0,0,0,1,0
1,1,1,1134,7,1,669,1.0,1,0,0,0,1,0
1,1,0,480,7,1,101,0.0,1,0,1,0,0,0
1,1,1,1086,7,1,574,0.0,1,0,1,0,0,0
1,1,1,778,7,1,543,1.0,1,0,1,0,0,0
1,1,1,897,7,1,890,0.0,1,0,1,0,0,0
1,1,0,663,7,1,634,0.0,1,0,1,0,0,0
1,1,0,883,2,0,0,0.0,1,0,1,0,0,0
1,1,0,514,3,0,0,1.0,1,0,1,0,0,0
1,1,0,332,8,1,332,0.0,0,0,0,0,0,1
1,1,1,1004,8,1,885,0.0,1,0,0,0,0,1
1,1,0,551,8,1,509,1.0,1,0,0,0,0,1
1,1,0,890,8,1,356,0.0,1,0,0,0,0,1
1,1,0,1069,8,1,1032,0.0,1,0,0,0,0,1
1,1,1,710,8,1,360,1.0,1,0,0,0,0,1
1,1,1,566,5,1,496,2.0,0,0,1,0,0,0
1,1,1,188,1,0,0,1.0,0,0,1,0,0,0
1,1,1,147,1,0,0,0.0,0,0,1,0,0,0
1,1,1,293,3,0,0,1.0,0,0,1,0,0,0
1,1,1,324,1,0,0,0.0,1,0,1,0,0,0
1,1,0,619,2,0,0,0.0,1,0,0,0,0,1
1,1,1,841,8,1,568,1.0,0,0,0,0,0,1
1,1,1,778,3,0,0,0.0,0,0,0,0,0,1
1,1,1,677,8,1,676,2.0,0,0,0,0,0,1
1,1,1,1335,8,1,840,3.0,1,0,0,0,0,1
1,1,1,912,5,0,0,0.0,1,0,1,0,0,0
1,1,1,576,4,0,0,0.0,0,0,1,0,0,0
1,1,1,628,5,0,0,0.0,0,0,1,0,0,0
1,1,1,723,7,0,0,0.0,0,0,1,0,0,0
1,1,1,930,7,0,0,1.0,0,0,0,0,0,1
1,1,0,722,8,1,328,0.0,1,0,0,0,0,1
1,1,0,860,6,0,0,0.0,0,0,0,0,0,1
1,1,0,782,8,1,530,0.0,0,0,0,0,0,1
1,1,0,313,7,0,0,0.0,0,0,0,0,0,1
1,1,1,405,7,0,0,0.0,1,0,0,0,0,1
1,1,0,314,6,0,0,1.0,1,0,0,0,0,1
1,1,1,466,8,1,466,0.0,0,0,0,0,0,1
1,1,0,1178,7,1,660,1.0,1,0,1,0,0,0
1,1,0,739,7,1,541,1.0,1,0,1,0,0,0
1,1,1,1106,8,1,872,1.0,1,0,1,0,0,0
1,1,0,1022,8,1,566,0.0,1,0,0,0,0,1
1,1,1,347,5,0,0,0.0,0,0,0,0,0,1
1,1,1,632,7,1,315,0.0,0,0,0,0,0,1
1,1,1,648,5,0,0,1.0,0,0,0,0,0,1
1,1,0,764,7,1,763,0.0,1,0,0,0,0,1
1,1,0,110,1,0,0,0.0,1,0,0,0,0,1
1,1,0,534,7,0,0,0.0,1,0,0,0,0,1
1,1,1,1453,8,1,806,1.0,1,0,0,0,0,1
1,1,1,947,3,0,0,0.0,1,0,1,0,0,0
1,1,1,735,7,1,328,0.0,1,0,1,0,0,0
1,1,1,1018,7,1,840,0.0,0,0,1,0,0,0
1,1,1,1040,8,1,299,0.0,1,0,0,0,0,1
1,1,1,688,4,0,0,1.0,0,0,0,0,0,1
1,1,0,753,4,0,0,0.0,1,0,0,0,0,1
1,1,1,1262,8,1,847,0.0,1,0,0,0,1,0
1,1,0,520,7,0,0,0.0,1,0,0,0,1,0
1,1,1,470,4,0,0,1.0,0,0,0,0,1,0
1,1,1,737,8,1,497,0.0,0,0,0,0,1,0
1,1,0,623,7,0,0,1.0,0,0,0,0,1,0
1,1,0,763,6,0,0,0.0,1,0,0,0,1,0
1,1,0,1297,7,1,790,0.0,1,0,0,0,1,0
1,1,0,700,7,0,0,1.0,1,0,1,0,0,0
1,1,1,689,8,1,301,0.0,1,0,1,0,0,0
1,1,1,691,8,1,345,0.0,0,0,1,0,0,0
1,1,1,636,8,1,415,0.0,0,0,1,0,0,0
1,1,0,672,8,1,463,0.0,1,0,1,0,0,0
2,1,1,449,4,0,0,2.0,1,0,1,0,0,0
2,1,0,504,8,1,354,1.0,1,0,1,0,0,0
2,1,1,565,5,0,0,1.0,0,0,1,0,0,0
2,1,1,941,9,1,702,0.0,1,0,1,0,0,0
2,1,1,754,7,1,667,1.0,0,0,0,0,0,1
2,1,0,962,7,1,486,1.0,0,0,0,0,0,1
2,1,0,629,6,0,0,0.0,0,1,0,0,0,1
2,1,0,480,3,0,0,0.0,0,1,0,0,0,1
2,1,0,667,7,1,454,0.0,0,0,0,0,0,1
2,1,0,302,2,0,0,1.0,0,0,0,0,1,0
2,1,1,319,5,0,0,0.0,1,0,0,0,1,0
2,1,1,748,4,0,0,1.0,0,0,0,0,0,1
2,1,1,891,7,1,535,1.0,0,0,0,0,0,1
2,1,1,820,8,1,480,1.0,1,0,0,0,1,0
2,1,1,872,7,1,558,2.0,0,0,0,0,1,0
2,1,0,430,6,0,0,1.0,0,0,0,0,0,1
2,1,0,782,9,1,555,1.0,1,0,0,0,0,1
2,1,1,800,9,1,465,0.0,1,0,0,0,0,1
2,1,1,866,9,1,687,0.0,0,0,0,0,0,1
2,1,0,464,3,0,0,0.0,1,0,0,0,0,1
2,1,0,1010,9,1,513,0.0,1,0,0,0,0,1
2,1,0,378,2,0,0,0.0,0,0,0,0,1,0
2,1,0,527,7,1,356,0.0,1,0,0,0,1,0
2,1,1,480,6,0,0,2.0,0,0,1,0,0,0
2,1,1,965,8,1,443,0.0,0,0,1,0,0,0
2,1,1,631,7,0,0,0.0,0,0,1,0,0,0
2,1,0,1013,8,1,413,0.0,1,0,1,0,0,0
2,1,0,783,7,1,408,0.0,0,0,1,0,0,0
2,1,1,843,7,1,704,0.0,1,0,1,0,0,0
2,1,1,1157,7,1,284,2.0,0,0,1,0,0,0
2,1,0,510,5,0,0,0.0,1,0,0,0,0,1
2,1,1,602,7,0,0,0.0,0,0,0,0,0,1
2,1,1,929,8,1,654,1.0,0,0,0,0,0,1
2,1,1,646,4,0,0,0.0,0,0,0,0,0,1
2,1,0,688,2,0,0,0.0,1,0,0,0,0,1
2,1,0,1131,6,0,0,2.0,0,0,0,0,0,1
2,1,0,350,3,0,0,1.0,1,0,0,0,0,1
2,1,0,855,4,0,0,0.0,1,0,0,0,1,0
2,1,1,608,7,1,352,0.0,0,0,0,0,1,0
2,1,1,501,6,0,0,1.0,0,0,1,0,0,0
2,1,0,663,8,1,514,2.0,1,0,1,0,0,0
2,1,1,638,7,1,339,0.0,1,0,1,0,0,0
2,1,0,553,6,0,0,0.0,0,0,1,0,0,0
2,1,0,864,8,1,525,2.0,0,0,0,0,0,1
2,1,1,804,7,1,491,1.0,0,0,0,0,0,1
2,1,1,413,1,0,0,0.0,0,1,0,0,0,1
2,1,1,1600,8,1,891,4.0,0,0,0,0,0,1
2,1,1,1105,8,1,743,0.0,0,1,0,0,0,1
2,1,0,955,8,1,739,0.0,1,0,0,0,0,1
2,1,0,558,4,0,0,1.0,1,0,0,0,0,1
2,1,1,303,5,1,263,0.0,1,0,0,0,0,1
2,1,1,199,3,0,0,0.0,1,0,1,0,0,0
2,1,0,365,6,0,0,0.0,1,0,1,0,0,0
2,1,0,306,0,0,0,0.0,0,0,1,0,0,0
2,1,0,18,0,0,0,0.0,0,0,0,0,0,1
2,1,1,292,5,0,0,0.0,0,0,0,0,0,1
2,1,1,679,8,1,339,0.0,1,0,1,0,0,0
2,1,0,300,2,0,0,0.0,1,0,1,0,0,0
2,1,0,679,8,1,460,1.0,0,0,1,0,0,0
2,1,1,359,2,0,0,1.0,1,0,1,0,0,0
2,1,1,268,1,0,0,1.0,0,0,1,0,0,0
2,1,0,177,7,0,0,0.0,1,0,1,0,0,0
2,1,0,291,4,0,0,0.0,1,0,0,0,0,1
2,1,0,351,4,0,0,1.0,1,0,0,0,0,1
2,1,1,850,8,1,676,0.0,0,0,0,0,0,1
2,1,0,590,7,0,0,3.0,1,0,0,0,0,1
2,1,0,671,9,1,630,0.0,1,0,0,0,0,1
2,1,1,669,9,1,260,2.0,0,0,0,0,0,1
2,1,1,711,8,0,0,1.0,0,0,0,0,0,1
2,1,0,470,6,0,0,1.0,1,0,0,0,0,1
2,1,0,774,7,1,730,2.0,1,0,1,0,0,0
2,1,1,399,7,1,170,2.0,0,0,1,0,0,0
2,1,0,1220,7,1,311,2.0,1,0,1,0,0,0
2,1,0,270,2,0,0,0.0,0,0,1,0,0,0
2,1,0,228,4,0,0,0.0,1,0,1,0,0,0
2,1,1,819,1,0,0,2.0,0,0,1,0,0,0
2,1,0,757,8,1,519,0.0,1,0,1,0,0,0
3,1,1,226,1,0,0,0.0,0,0,1,0,0,0
3,1,1,107,1,0,0,0.0,0,0,1,0,0,0
3,1,0,430,6,0,0,1.0,1,0,1,0,0,0
3,1,1,1157,7,0,0,0.0,0,0,1,0,0,0
3,1,1,681,8,1,680,1.0,0,0,1,0,0,0
3,1,0,148,4,0,0,1.0,0,0,1,0,0,0
3,1,0,988,8,1,652,0.0,1,0,1,0,0,0
3,1,0,749,8,1,688,1.0,1,0,0,0,0,1
3,1,0,727,3,0,0,0.0,0,1,0,0,0,1
3,1,1,1051,4,0,0,0.0,0,1,0,0,0,1
3,1,1,580,4,0,0,1.0,0,0,0,0,1,0
3,1,0,813,3,0,0,3.0,1,0,0,0,1,0
3,1,1,1080,6,0,0,0.0,1,0,0,0,1,0
3,1,1,713,8,1,706,0.0,1,0,0,0,1,0
3,1,1,944,8,1,941,0.0,1,0,0,0,1,0
3,1,1,724,4,0,0,0.0,0,0,0,0,1,0
3,1,0,626,3,0,0,0.0,1,0,0,0,1,0
3,1,0,1061,5,0,0,1.0,1,0,0,0,1,0
3,1,0,558,5,0,0,1.0,1,0,0,0,1,0
3,1,1,275,1,0,0,0.0,0,0,0,0,1,0
3,1,1,440,1,0,0,1.0,0,0,0,0,1,0
3,1,0,1012,6,1,573,0.0,0,0,1,0,0,0
3,1,1,686,6,1,333,0.0,0,0,1,0,0,0
3,1,1,519,6,1,519,0.0,0,0,0,0,0,1
3,1,1,861,4,0,0,1.0,0,0,0,0,0,1
3,1,0,645,6,0,0,1.0,0,0,0,0,0,1
3,1,0,938,8,1,937,5.0,1,0,0,0,0,1
3,1,0,682,8,1,681,1.0,1,0,0,0,0,1
3,1,1,1208,6,0,0,2.0,0,0,0,0,0,1
3,1,0,632,4,0,0,2.0,1,0,0,0,0,1
3,1,0,208,3,0,0,2.0,0,0,0,0,0,1
3,1,0,201,1,0,0,1.0,0,0,0,0,0,1
3,1,1,413,4,0,0,0.0,1,0,0,0,0,1
3,1,1,1072,8,1,1071,1.0,0,0,0,0,0,1
3,1,1,455,8,1,349,1.0,0,0,0,0,0,1
3,1,1,612,6,0,0,1.0,1,0,0,0,0,1
3,1,1,1019,7,0,0,1.0,0,0,0,0,0,1
3,1,1,924,9,1,701,1.0,1,0,0,0,0,1
3,1,1,974,2,0,0,1.0,0,0,0,0,0,1
3,1,0,708,9,1,674,0.0,1,0,0,0,0,1
3,1,1,887,9,1,697,0.0,1,0,0,0,0,1
3,1,0,792,5,0,0,0.0,1,0,0,0,1,0
3,1,1,803,6,0,0,1.0,0,0,0,0,1,0
3,1,1,597,4,0,0,0.0,1,0,0,0,1,0
3,1,1,783,4,0,0,1.0,1,0,0,0,1,0
3,1,0,614,3,0,0,0.0,1,0,0,0,1,0
3,1,0,541,7,1,305,0.0,0,0,0,0,1,0
3,1,1,628,1,0,0,1.0,0,0,0,0,1,0
3,1,0,246,0,0,0,0.0,1,0,0,1,0,0
3,1,0,822,8,1,822,1.0,1,0,1,0,0,0
3,1,0,710,8,1,709,1.0,0,0,1,0,0,0
3,1,0,473,8,1,473,0.0,0,0,1,0,0,0
3,1,0,960,8,1,418,0.0,1,0,1,0,0,0
3,1,0,1031,8,1,742,0.0,1,0,1,0,0,0
3,1,0,952,8,1,706,1.0,0,0,1,0,0,0
3,1,0,615,6,0,0,0.0,0,0,1,0,0,0
3,1,0,519,4,0,0,0.0,0,0,0,0,0,1
3,1,0,665,6,0,0,1.0,0,0,0,0,0,1
3,1,0,564,1,0,0,1.0,0,0,0,0,0,1
3,1,0,645,8,1,645,1.0,0,0,0,0,0,1
3,1,0,1136,8,1,806,0.0,1,0,0,0,0,1
3,1,0,457,3,0,0,1.0,0,0,0,0,0,1
3,1,1,499,7,1,474,1.0,0,0,0,0,0,1
3,1,1,346,7,1,284,0.0,1,0,0,0,0,1
3,1,0,841,5,0,0,2.0,0,0,0,0,0,1
3,1,1,396,6,0,0,0.0,1,0,0,0,0,1
3,1,1,896,6,0,0,0.0,0,0,0,0,0,1
3,1,1,214,1,0,0,0.0,0,0,0,0,0,1
4,1,1,102,4,0,101,0.0,0,0,0,0,0,1
4,1,1,114,4,0,90,0.0,0,0,0,0,0,1
4,1,1,97,4,0,76,0.0,0,0,0,0,0,1
4,1,0,161,4,0,69,0.0,1,0,0,0,0,1
4,1,1,134,4,0,88,1.0,0,0,0,0,0,1
4,1,1,115,4,0,76,0.0,1,0,0,0,0,1
4,1,1,127,4,0,79,0.0,1,0,0,0,0,1
4,1,0,151,4,0,72,0.0,1,0,0,0,0,1
4,1,0,153,4,0,104,0.0,1,0,0,0,0,1
4,1,1,101,4,0,41,0.0,0,0,0,0,0,1
4,1,1,134,4,0,64,0.0,0,0,0,0,0,1
4,1,0,176,0,0,0,0.0,1,0,0,0,0,1
4,1,0,229,1,0,0,0.0,1,0,0,0,0,1
4,1,0,326,5,1,247,0.0,0,1,0,0,0,1
4,1,1,343,3,0,0,2.0,0,0,0,0,0,1
4,1,1,434,3,0,0,0.0,1,0,0,0,0,1
4,1,0,328,3,0,0,1.0,1,0,0,0,0,1
4,1,1,608,5,1,301,0.0,1,0,0,0,0,1
4,1,1,624,5,1,583,2.0,1,0,0,0,0,1
4,1,0,254,0,0,0,0.0,0,1,1,0,0,0
4,1,0,70,2,0,0,0.0,1,0,1,0,0,0
4,1,1,347,2,0,0,0.0,0,0,1,0,0,0
4,1,1,201,2,0,0,0.0,0,0,1,0,0,0
4,1,0,638,6,0,0,0.0,0,0,1,0,0,0
4,1,0,1154,7,0,0,1.0,0,0,1,0,0,0
4,1,0,884,5,0,0,0.0,1,0,0,0,0,1
4,1,1,694,7,1,408,1.0,1,0,0,0,0,1
4,1,0,609,3,0,0,0.0,1,0,0,0,0,1
4,1,0,277,1,0,0,0.0,0,1,0,0,0,1
4,1,0,374,4,0,0,0.0,0,0,0,0,0,1
4,1,1,86,1,0,0,0.0,0,0,0,0,0,1
4,1,1,121,2,0,0,1.0,0,0,0,0,0,1
4,1,1,465,2,0,0,0.0,0,0,0,0,0,1
4,1,1,161,2,0,0,0.0,0,0,0,0,0,1
4,1,1,239,0,0,0,2.0,0,0,0,0,0,1
4,1,0,416,4,0,0,0.0,1,0,1,0,0,0
4,1,1,637,7,1,636,0.0,0,0,1,0,0,0
4,1,1,856,7,1,585,1.0,1,0,1,0,0,0
4,1,1,66,0,0,0,0.0,0,0,0,0,0,1
4,1,1,97,2,0,0,0.0,0,0,0,0,0,1
4,1,0,622,7,1,451,0.0,1,0,0,0,0,1
4,1,1,418,4,0,0,1.0,0,0,1,0,0,0
4,1,0,501,4,0,0,0.0,1,0,1,0,0,0
4,1,0,469,3,0,0,1.0,0,0,1,0,0,0
4,1,1,1244,7,1,597,0.0,0,0,0,0,0,1
4,1,0,840,7,1,839,0.0,1,0,0,0,0,1
4,1,1,981,7,1,652,1.0,1,0,0,0,0,1
4,1,1,779,4,0,0,2.0,0,0,0,0,0,1
4,1,1,84,1,0,0,0.0,0,0,0,0,0,1
4,1,0,730,6,1,313,0.0,1,0,0,0,0,1
4,1,0,207,1,0,0,0.0,0,0,0,0,0,1
4,1,0,377,5,1,304,1.0,0,0,0,0,0,1
4,1,0,602,4,0,0,1.0,0,0,0,0,0,1
4,1,0,477,4,0,0,1.0,1,0,0,0,0,1
4,1,0,283,4,0,0,0.0,1,0,0,0,0,1
4,1,0,238,2,0,0,0.0,1,0,0,0,0,1
4,1,0,538,5,0,0,1.0,0,0,0,0,0,1
4,1,0,760,7,1,536,0.0,1,0,0,0,0,1
4,1,1,744,7,1,612,3.0,0,0,0,0,0,1
4,1,1,249,4,0,116,0.0,0,0,0,0,0,1
4,1,1,846,7,1,623,0.0,1,0,0,0,0,1
4,1,0,611,8,1,596,0.0,0,0,0,0,0,1
4,1,0,437,5,0,0,0.0,1,0,0,0,0,1
4,1,0,617,5,0,0,0.0,0,0,0,0,0,1
4,1,0,810,8,1,464,0.0,0,0,0,0,0,1
4,1,0,634,5,0,0,0.0,0,0,0,0,0,1
4,1,0,469,4,0,0,1.0,0,0,0,0,0,1
4,1,1,681,8,1,502,2.0,0,0,0,0,0,1
4,1,1,993,8,1,498,1.0,1,0,0,0,0,1
4,1,1,644,4,0,0,1.0,0,0,0,0,0,1
4,1,0,791,7,1,540,0.0,1,0,0,0,0,1
4,1,1,426,3,0,0,0.0,0,0,0,0,0,1
4,1,1,673,4,0,233,0.0,1,0,0,0,0,1
4,1,1,123,1,0,0,0.0,1,0,0,0,0,1
4,1,0,703,3,0,0,4.0,0,0,1,0,0,0
4,1,1,780,6,0,0,0.0,1,0,1,0,0,0
4,1,1,57,2,0,0,0.0,0,0,0,0,0,1
4,1,0,767,4,0,0,0.0,0,1,0,0,0,1
4,1,0,1079,8,1,724,0.0,1,0,0,0,0,1
4,1,0,563,3,0,0,2.0,0,1,0,0,0,1
4,1,0,131,4,0,0,1.0,0,0,0,0,0,1
5,1,1,1046,7,1,588,0.0,1,0,0,0,0,1
5,1,1,564,6,0,0,2.0,0,0,0,0,0,1
5,1,0,935,7,1,694,0.0,0,0,0,0,0,1
5,1,1,786,7,1,373,1.0,0,0,0,0,0,1
5,1,1,1204,2,0,0,0.0,1,0,0,0,0,1
5,1,0,307,3,0,0,0.0,0,0,0,0,0,1
5,1,1,1327,7,1,948,2.0,0,0,0,0,0,1
5,1,1,774,8,1,614,2.0,0,0,0,1,0,0
5,1,1,588,6,0,0,0.0,1,0,0,1,0,0
5,1,1,552,8,1,533,1.0,0,0,0,0,0,1
5,1,0,373,4,0,0,0.0,1,0,0,0,0,1
5,1,0,476,2,0,0,1.0,1,0,0,0,0,1
5,1,0,367,3,0,0,0.0,1,0,0,0,0,1
5,1,1,566,4,0,0,1.0,0,0,0,0,0,1
5,1,1,228,4,0,0,1.0,0,0,0,0,0,1
5,1,0,550,6,0,0,0.0,1,0,0,0,0,1
5,1,1,923,8,1,390,0.0,1,0,0,0,0,1
5,1,0,1084,1,0,0,0.0,1,0,0,0,0,1
5,1,1,1105,1,0,0,0.0,1,0,0,0,0,1
5,1,1,710,7,0,0,0.0,1,0,0,0,0,1
5,1,0,231,0,0,0,0.0,0,0,0,0,0,1
5,1,0,337,0,0,0,0.0,1,0,0,0,0,1
5,1,0,429,0,0,0,0.0,1,0,0,0,0,1
5,1,0,982,3,0,0,0.0,1,0,0,0,0,1
5,1,0,519,3,0,0,0.0,1,0,0,0,1,0
5,1,1,972,8,1,610,1.0,1,0,0,0,1,0
5,1,0,783,8,1,746,0.0,0,0,0,0,1,0
5,1,0,1307,8,1,387,0.0,1,0,0,0,0,1
5,1,0,519,3,0,0,1.0,0,0,0,0,1,0
5,1,1,597,7,0,0,1.0,0,0,0,0,1,0
5,1,0,836,8,1,506,0.0,1,0,0,0,1,0
6,1,1,749,6,1,318,1.0,0,0,1,0,0,0
6,1,0,472,2,0,0,0.0,1,0,1,0,0,0
6,1,1,324,0,0,0,0.0,0,0,0,0,1,0
6,1,1,142,0,0,0,0.0,0,0,0,0,1,0
6,1,0,348,0,0,0,1.0,0,0,0,0,1,0
6,1,1,357,1,0,0,0.0,0,0,0,0,1,0
6,1,1,1174,3,0,0,0.0,1,0,0,0,1,0
6,1,0,795,7,1,350,0.0,1,0,0,0,1,0
6,1,1,796,5,0,0,0.0,0,0,0,0,1,0
6,1,1,660,3,0,0,0.0,1,0,0,0,1,0
6,1,1,1081,7,1,692,1.0,0,0,0,0,1,0
6,1,1,1165,7,1,898,0.0,1,0,0,0,1,0
6,1,1,522,4,0,0,0.0,0,0,0,0,1,0
6,1,1,507,3,0,0,0.0,0,0,0,0,1,0
6,1,1,774,7,1,750,0.0,1,0,0,1,0,0
6,1,0,294,2,0,0,0.0,0,0,0,1,0,0
6,1,1,549,7,1,318,0.0,0,0,0,1,0,0
6,1,0,847,7,1,267,0.0,1,0,0,1,0,0
6,1,0,852,7,1,569,0.0,1,0,1,0,0,0
6,1,0,858,7,1,626,0.0,1,0,1,0,0,0
6,1,0,500,3,0,0,0.0,1,0,1,0,0,0
6,1,0,349,7,0,0,0.0,1,0,0,0,0,1
6,1,1,1016,8,1,382,0.0,0,0,0,0,0,1
6,1,0,551,2,0,0,0.0,1,0,0,0,0,1
6,1,0,907,8,1,373,0.0,1,0,0,0,0,1
6,1,0,1057,8,1,1020,0.0,0,0,0,0,0,1
6,1,1,1101,8,1,1012,0.0,0,0,0,0,0,1
6,1,1,696,8,1,126,1.0,0,0,0,0,0,1
6,1,0,1006,6,0,0,0.0,1,0,0,0,0,1
6,1,0,499,1,0,0,0.0,1,0,0,0,0,1
6,1,0,829,8,1,585,0.0,1,0,0,0,0,1
6,1,1,458,2,0,0,0.0,0,0,0,0,0,1
6,1,1,613,5,0,0,0.0,1,0,0,0,0,1
6,1,0,869,8,1,204,0.0,1,0,0,0,0,1
6,1,1,73,2,0,0,0.0,0,0,0,0,0,1
6,1,1,91,1,0,0,0.0,0,0,0,0,0,1
6,1,0,693,8,1,653,0.0,1,0,0,0,0,1
6,1,0,430,4,0,0,0.0,0,0,1,0,0,0
6,1,0,1219,8,1,1016,1.0,1,0,0,0,0,1
6,1,0,620,3,0,0,0.0,1,0,0,0,0,1
6,1,0,783,8,1,748,0.0,1,0,0,0,0,1
6,1,1,841,6,0,0,0.0,1,0,0,0,0,1
6,1,0,978,8,1,540,0.0,1,0,0,0,0,1
6,1,1,778,6,0,0,0.0,0,0,0,0,0,1
6,1,1,899,4,0,0,0.0,0,0,0,0,0,1
6,1,1,687,8,1,493,0.0,0,0,0,0,0,1
6,1,0,1315,8,1,524,0.0,1,0,0,0,0,1
6,1,0,762,8,1,444,0.0,0,0,0,0,0,1
6,1,0,427,7,0,0,0.0,1,0,0,0,0,1
6,1,1,804,8,1,551,0.0,1,0,0,0,0,1
6,1,0,466,8,1,466,1.0,0,0,0,0,0,1
6,1,0,659,8,1,604,0.0,1,0,0,0,0,1
6,1,1,790,7,0,0,0.0,1,0,0,0,0,1
6,1,1,313,1,0,0,0.0,1,0,0,0,0,1
6,1,0,790,8,1,540,0.0,1,0,0,0,0,1
6,1,1,1145,8,1,550,0.0,0,0,0,0,0,1
6,1,1,971,5,0,0,0.0,0,0,0,0,1,0
6,1,0,882,7,1,673,0.0,1,0,0,1,0,0
6,1,1,632,3,0,0,0.0,1,0,0,1,0,0
6,1,1,766,7,1,655,0.0,1,0,0,1,0,0
6,1,0,328,3,0,0,0.0,1,0,0,1,0,0
6,1,1,853,7,1,606,0.0,0,0,0,1,0,0
6,1,1,727,7,1,425,0.0,0,0,0,1,0,0
6,1,1,517,5,0,0,0.0,0,0,0,1,0,0
6,1,1,981,8,1,654,0.0,1,0,0,1,0,0
6,1,1,388,5,0,0,0.0,1,0,0,1,0,0
6,1,1,1082,8,1,1037,1.0,0,0,0,1,0,0
6,1,0,1412,8,1,631,0.0,1,0,0,0,0,1
6,1,0,882,8,1,560,0.0,1,0,0,0,0,1
6,1,0,939,6,0,0,0.0,0,0,0,0,0,1
6,1,1,948,7,1,918,0.0,1,0,0,0,0,1
6,1,1,1082,7,1,841,0.0,1,0,0,0,0,1
6,1,1,806,4,0,0,0.0,0,0,0,0,0,1
6,1,0,898,7,1,334,0.0,1,0,0,0,0,1
6,1,1,473,6,0,0,0.0,0,0,0,0,0,1
6,1,1,992,7,1,989,0.0,1,0,0,0,0,1
6,1,1,1023,7,1,842,0.0,1,0,0,0,0,1
6,1,1,306,6,0,0,0.0,0,0,0,0,1,0
6,1,1,399,2,0,0,0.0,0,0,0,0,1,0
6,1,1,615,8,1,614,0.0,0,0,0,0,1,0
6,1,1,589,8,1,449,0.0,0,0,0,0,1,0
6,1,1,641,3,0,0,0.0,0,0,0,0,1,0
6,1,1,585,4,0,0,0.0,0,0,0,0,1,0
6,1,1,1299,8,1,1033,1.0,0,0,0,0,1,0
6,1,1,857,8,1,535,0.0,1,0,0,0,1,0
6,1,0,695,0,0,0,0.0,1,0,0,0,1,0
7,1,1,541,5,0,0,0.0,0,0,0,0,1,0
7,1,0,686,5,0,0,0.0,1,0,0,0,1,0
7,1,1,1134,7,1,572,0.0,1,0,0,0,1,0
7,1,1,742,6,0,0,0.0,1,0,0,0,1,0
7,1,0,678,4,0,0,0.0,0,0,0,0,1,0
7,1,1,848,5,0,0,0.0,1,0,0,0,1,0
7,1,1,492,4,0,0,0.0,0,0,0,0,1,0
7,1,0,663,7,1,644,0.0,1,0,0,0,1,0
7,1,1,335,2,0,0,0.0,0,0,0,0,1,0
7,1,0,826,7,1,823,0.0,0,0,0,0,1,0
7,1,1,904,6,0,0,0.0,0,0,0,0,1,0
7,1,1,483,2,0,0,0.0,1,0,0,0,1,0
7,1,0,307,5,0,0,0.0,0,0,0,0,1,0
7,1,1,639,8,1,273,0.0,0,0,0,0,1,0
7,1,0,896,7,1,703,0.0,0,0,1,0,0,0
7,1,1,408,3,0,0,0.0,0,0,1,0,0,0
7,1,1,749,6,1,318,1.0,0,0,1,0,0,0
7,1,0,472,2,0,0,0.0,1,0,1,0,0,0
7,1,1,324,0,0,0,0.0,0,0,0,0,1,0
7,1,1,142,0,0,0,0.0,0,0,0,0,1,0
7,1,0,348,0,0,0,1.0,0,0,0,0,1,0
7,1,1,357,1,0,0,0.0,0,0,0,0,1,0
7,1,1,1174,3,0,0,0.0,1,0,0,0,1,0
7,1,0,795,7,1,350,0.0,1,0,0,0,1,0
7,1,1,796,5,0,0,0.0,0,0,0,0,1,0
7,1,1,660,3,0,0,0.0,1,0,0,0,1,0
7,1,1,1081,7,1,692,1.0,0,0,0,0,1,0
7,1,1,1165,7,1,898,0.0,1,0,0,0,1,0
7,1,1,522,4,0,0,0.0,0,0,0,0,1,0
7,1,1,507,3,0,0,0.0,0,0,0,0,1,0
7,1,1,774,7,1,750,0.0,1,0,0,1,0,0
7,1,0,294,2,0,0,0.0,0,0,0,1,0,0
7,1,1,549,7,1,318,0.0,0,0,0,1,0,0
7,1,0,847,7,1,267,0.0,1,0,0,1,0,0
7,1,0,852,7,1,569,0.0,1,0,1,0,0,0
7,1,0,858,7,1,626,0.0,1,0,1,0,0,0
7,1,0,500,3,0,0,0.0,1,0,1,0,0,0
7,1,0,349,7,0,0,0.0,1,0,0,0,0,1
7,1,1,1016,8,1,382,0.0,0,0,0,0,0,1
7,1,0,551,2,0,0,0.0,1,0,0,0,0,1
7,1,0,907,8,1,373,0.0,1,0,0,0,0,1
7,1,0,1057,8,1,1020,0.0,0,0,0,0,0,1
7,1,1,1101,8,1,1012,0.0,0,0,0,0,0,1
7,1,1,696,8,1,126,1.0,0,0,0,0,0,1
7,1,0,1006,6,0,0,0.0,1,0,0,0,0,1
7,1,0,499,1,0,0,0.0,1,0,0,0,0,1
7,1,0,829,8,1,585,0.0,1,0,0,0,0,1
7,1,1,458,2,0,0,0.0,0,0,0,0,0,1
7,1,1,613,5,0,0,0.0,1,0,0,0,0,1
7,1,0,869,8,1,204,0.0,1,0,0,0,0,1
7,1,1,73,2,0,0,0.0,0,0,0,0,0,1
7,1,1,91,1,0,0,0.0,0,0,0,0,0,1
7,1,0,693,8,1,653,0.0,1,0,0,0,0,1
7,1,0,430,4,0,0,0.0,0,0,1,0,0,0
7,1,0,1219,8,1,1016,1.0,1,0,0,0,0,1
7,1,0,620,3,0,0,0.0,1,0,0,0,0,1
7,1,0,783,8,1,748,0.0,1,0,0,0,0,1
7,1,1,841,6,0,0,0.0,1,0,0,0,0,1
7,1,0,978,8,1,540,0.0,1,0,0,0,0,1
7,1,1,778,6,0,0,0.0,0,0,0,0,0,1
7,1,1,899,4,0,0,0.0,0,0,0,0,0,1
7,1,1,687,8,1,493,0.0,0,0,0,0,0,1
7,1,0,1315,8,1,524,0.0,1,0,0,0,0,1
7,1,0,762,8,1,444,0.0,0,0,0,0,0,1
7,1,0,427,7,0,0,0.0,1,0,0,0,0,1
7,1,1,804,8,1,551,0.0,1,0,0,0,0,1
7,1,0,466,8,1,466,1.0,0,0,0,0,0,1
7,1,0,659,8,1,604,0.0,1,0,0,0,0,1
7,1,1,790,7,0,0,0.0,1,0,0,0,0,1
7,1,1,313,1,0,0,0.0,1,0,0,0,0,1
7,1,0,790,8,1,540,0.0,1,0,0,0,0,1
7,1,1,1145,8,1,550,0.0,0,0,0,0,0,1
7,1,1,971,5,0,0,0.0,0,0,0,0,1,0
7,1,0,882,7,1,673,0.0,1,0,0,1,0,0
7,1,1,632,3,0,0,0.0,1,0,0,1,0,0
7,1,1,766,7,1,655,0.0,1,0,0,1,0,0
7,1,0,328,3,0,0,0.0,1,0,0,1,0,0
7,1,1,853,7,1,606,0.0,0,0,0,1,0,0
7,1,1,727,7,1,425,0.0,0,0,0,1,0,0
7,1,1,517,5,0,0,0.0,0,0,0,1,0,0
7,1,1,981,8,1,654,0.0,1,0,0,1,0,0
7,1,1,388,5,0,0,0.0,1,0,0,1,0,0
7,1,1,1082,8,1,1037,1.0,0,0,0,1,0,0
7,1,0,1412,8,1,631,0.0,1,0,0,0,0,1
7,1,0,882,8,1,560,0.0,1,0,0,0,0,1
8,1,1,346,3,0,0,0.0,0,0,0,0,0,1
8,1,1,272,3,0,0,0.0,0,0,0,0,0,1
8,1,1,1022,6,0,0,0.0,0,0,0,0,0,1
8,1,1,351,4,0,0,0.0,1,0,0,0,0,1
8,1,0,201,4,0,0,0.0,1,0,0,0,0,1
8,1,0,297,1,0,0,0.0,0,0,0,0,0,1
8,1,1,834,7,1,738,0.0,0,0,0,0,0,1
8,1,1,1309,7,1,860,1.0,1,0,0,0,0,1
8,1,1,746,7,1,325,0.0,1,0,0,0,1,0
8,1,1,883,7,1,618,0.0,0,0,0,0,1,0
8,1,1,347,2,0,0,0.0,0,0,0,1,0,0
8,1,1,494,6,1,450,0.0,0,0,0,1,0,0
8,1,0,1387,8,1,380,2.0,1,0,0,0,0,1
8,1,0,936,8,1,365,0.0,1,0,0,0,0,1
8,1,0,987,7,0,0,0.0,0,0,0,0,0,1
8,1,1,308,2,0,0,0.0,0,0,0,0,0,1
8,1,1,625,8,1,359,1.0,0,0,0,0,0,1
8,1,1,825,8,1,377,1.0,0,0,0,0,0,1
8,1,1,1236,8,1,394,0.0,1,0,0,0,0,1
8,1,1,1052,8,1,609,0.0,0,0,0,0,1,0
8,1,1,322,5,0,0,0.0,0,0,0,0,1,0
8,1,1,1225,8,1,951,0.0,1,0,0,0,1,0
8,1,1,754,8,1,654,1.0,1,0,0,0,1,0
8,1,1,1060,8,1,764,1.0,1,0,0,0,1,0
8,1,0,1216,8,1,708,0.0,1,0,0,0,1,0
8,1,0,818,8,1,310,0.0,1,0,0,0,0,1
8,1,0,598,6,0,0,0.0,0,0,0,0,0,1
8,1,0,360,8,1,326,0.0,0,0,0,0,0,1
8,1,0,646,8,1,593,0.0,0,0,0,0,0,1
8,1,0,916,8,1,699,0.0,0,0,0,0,0,1
8,1,1,989,8,1,700,1.0,0,1,0,0,0,1
8,1,0,682,8,1,290,0.0,1,0,0,0,0,1
8,1,1,704,8,1,544,1.0,0,0,0,0,0,1
8,1,1,510,5,0,0,0.0,0,0,0,0,0,1
8,1,1,755,8,1,641,0.0,1,0,0,0,0,1
8,1,1,996,7,1,374,1.0,0,0,0,0,0,1
8,1,1,940,6,1,298,0.0,1,0,0,0,0,1
8,1,1,1115,7,1,334,2.0,0,0,0,0,1,0
8,1,1,837,7,1,433,0.0,1,0,0,0,1,0
8,1,0,1020,7,1,574,0.0,0,0,0,0,1,0
8,1,1,1208,7,1,682,0.0,1,0,0,0,1,0
8,1,1,894,7,1,422,0.0,1,0,0,0,1,0
8,1,1,888,7,1,370,1.0,0,0,0,0,1,0
8,1,1,1049,7,1,689,0.0,1,0,0,0,1,0
8,1,0,731,7,1,151,1.0,0,0,0,0,1,0
8,1,0,821,7,1,805,1.0,1,0,0,0,1,0
8,1,0,766,7,1,566,0.0,0,0,1,0,0,0
8,1,1,961,7,1,510,2.0,0,0,1,0,0,0
8,1,1,799,7,1,330,2.0,1,0,0,0,0,1
8,1,1,993,8,1,992,0.0,1,0,0,0,0,1
8,1,1,523,4,0,0,0.0,1,0,0,0,0,1
8,1,0,631,4,0,0,0.0,1,0,0,0,0,1
8,1,1,532,8,1,394,1.0,0,0,0,0,0,1
8,1,0,361,5,0,0,0.0,0,0,0,0,0,1
8,1,1,952,8,1,349,1.0,0,0,0,0,0,1
8,1,1,661,8,1,546,0.0,0,0,0,0,0,1
8,1,1,1175,8,1,758,0.0,0,0,0,0,0,1
8,1,0,1178,8,1,330,1.0,0,0,0,0,0,1
8,1,0,680,6,0,0,1.0,0,0,0,0,0,1
8,1,1,442,5,0,0,1.0,0,0,0,0,0,1
8,1,1,342,7,0,0,0.0,1,0,0,0,0,1
8,1,1,998,7,1,377,0.0,1,0,0,0,0,1
8,1,1,1169,7,1,1110,1.0,0,0,0,0,0,1
8,1,1,926,7,1,441,1.0,1,0,0,0,1,0
8,1,0,548,5,0,0,0.0,1,0,0,0,1,0
8,1,1,704,7,1,471,0.0,1,0,0,0,1,0
8,1,0,1148,7,1,375,3.0,1,0,0,0,1,0
8,1,1,576,6,0,0,0.0,0,0,0,0,1,0
8,1,1,638,7,1,578,0.0,0,0,0,0,1,0
8,1,1,666,7,1,375,0.0,1,0,0,0,1,0
8,1,1,368,6,0,0,2.0,0,0,0,0,1,0
8,1,1,1181,7,1,565,3.0,0,0,0,0,1,0
8,1,1,945,4,0,0,0.0,0,0,0,0,1,0
8,1,1,379,7,1,316,1.0,0,0,0,1,0,0
8,1,1,663,3,0,0,1.0,1,0,1,0,0,0
8,1,1,668,7,1,593,0.0,0,0,1,0,0,0
8,1,1,822,7,1,770,0.0,0,0,1,0,0,0
8,1,1,866,7,1,579,1.0,0,0,1,0,0,0
8,1,1,912,0,0,0,0.0,1,0,1,0,0,0
8,1,1,137,1,0,0,0.0,0,0,1,0,0,0
8,1,1,200,1,0,0,0.0,0,0,1,0,0,0
9,1,1,500,6,0,0,0.0,0,0,0,0,0,1
9,1,0,1185,7,1,315,1.0,1,0,0,0,0,1
9,1,1,346,3,0,0,0.0,0,0,0,0,0,1
9,1,1,177,4,0,0,0.0,0,0,0,0,0,1
9,1,1,926,8,1,520,0.0,1,0,0,0,1,0
9,1,1,240,1,0,0,0.0,0,0,0,0,1,0
9,1,1,1162,7,1,1055,1.0,0,0,0,0,0,1
9,1,0,829,7,1,557,0.0,1,0,0,0,0,1
9,1,1,1037,7,1,542,0.0,1,0,0,0,0,1
9,1,1,566,8,1,404,0.0,0,0,0,0,1,0
9,1,1,1137,8,1,563,0.0,1,0,0,0,1,0
9,1,1,1131,8,1,506,0.0,1,0,0,0,1,0
9,1,0,773,7,1,547,0.0,0,0,0,0,1,0
9,1,1,613,5,0,0,1.0,1,0,0,0,1,0
9,1,1,1063,7,1,719,0.0,1,0,0,0,1,0
9,1,1,1244,8,1,443,3.0,1,0,0,0,1,0
9,1,0,363,2,0,0,0.0,1,0,0,0,1,0
9,1,1,281,8,1,167,1.0,0,0,0,0,1,0
9,1,1,790,8,1,576,1.0,0,0,0,0,0,1
9,1,1,936,8,1,728,2.0,0,0,0,0,1,0
9,1,0,962,8,1,627,0.0,1,0,0,0,1,0
9,1,1,641,3,0,0,0.0,1,0,0,0,1,0
9,1,1,753,1,0,0,1.0,0,0,0,0,1,0
9,1,1,1069,7,1,104,2.0,1,0,0,0,1,0
9,1,0,910,7,1,409,0.0,1,0,0,0,1,0
9,1,0,701,7,1,393,1.0,1,0,0,0,1,0
9,1,0,149,0,0,0,0.0,1,0,0,0,1,0
9,1,1,801,8,1,602,0.0,0,0,0,1,0,0
9,1,1,904,8,1,680,0.0,1,0,0,1,0,0
9,1,0,585,8,1,334,1.0,0,0,0,1,0,0
9,1,0,497,7,1,129,1.0,1,0,0,0,1,0
9,1,1,1236,7,1,625,0.0,1,0,0,0,1,0
9,1,1,431,7,1,114,0.0,0,0,0,0,1,0
9,1,1,450,5,0,0,0.0,0,0,0,0,1,0
9,1,1,834,7,1,756,0.0,0,0,0,0,1,0
9,1,0,489,7,1,309,0.0,1,0,0,0,1,0
9,1,0,679,6,0,0,4.0,1,0,0,1,0,0
9,1,1,825,7,1,489,0.0,1,0,0,1,0,0
9,1,0,858,7,1,642,0.0,1,0,0,1,0,0
9,1,0,1215,8,1,963,4.0,1,0,0,0,1,0
9,1,0,891,2,0,0,2.0,0,1,0,0,1,0
9,1,1,990,8,1,989,0.0,0,0,0,0,1,0
9,1,1,640,8,1,541,2.0,0,0,0,0,1,0
9,1,1,1204,8,1,427,1.0,1,0,0,0,1,0
9,1,0,952,8,1,629,0.0,1,0,0,0,1,0
9,1,1,451,5,0,0,0.0,0,0,0,0,1,0
9,1,0,354,0,0,0,0.0,1,0,0,0,1,0
9,1,0,672,3,0,0,3.0,0,0,0,0,1,0
9,1,1,1122,7,1,538,1.0,0,0,0,1,0,0
9,1,1,438,3,0,0,0.0,0,0,0,1,0,0
9,1,1,500,5,0,0,0.0,0,0,0,1,0,0
9,1,0,726,7,1,498,0.0,1,0,0,1,0,0
9,1,0,142,0,0,0,0.0,0,0,0,1,0,0
9,1,0,842,7,1,503,0.0,1,0,0,1,0,0
9,1,1,578,7,1,395,0.0,1,0,0,1,0,0
9,1,1,399,4,0,0,0.0,1,0,0,1,0,0
9,1,0,942,8,1,558,1.0,0,0,0,0,0,1
9,1,1,960,8,1,660,0.0,0,0,0,0,0,1
9,1,0,688,8,1,677,0.0,0,0,0,0,0,1
9,1,1,962,8,1,639,1.0,1,0,0,0,0,1
9,1,1,77,2,0,0,0.0,0,0,0,0,0,1
9,1,0,923,8,1,750,1.0,0,0,0,0,0,1
9,1,0,736,5,0,0,0.0,1,0,0,0,0,1
9,1,0,1110,7,1,661,0.0,0,0,0,0,1,0
9,1,1,809,4,0,0,1.0,0,0,0,0,1,0
9,1,1,892,7,1,368,0.0,0,0,0,0,1,0
9,1,1,1276,7,1,545,0.0,0,0,0,0,1,0
9,1,0,913,7,1,344,1.0,1,0,0,0,1,0
9,1,1,802,6,0,0,0.0,0,0,0,0,1,0
9,1,0,832,7,1,559,1.0,1,0,0,0,1,0
9,1,0,1146,7,1,314,1.0,1,0,0,0,1,0
9,1,0,879,7,1,109,1.0,1,0,0,0,1,0
9,1,0,865,7,1,834,0.0,1,0,0,0,1,0
9,1,1,1082,7,1,1031,0.0,1,0,0,0,1,0
9,1,0,1161,7,1,393,0.0,1,0,0,0,1,0
9,1,0,416,7,1,249,0.0,1,0,0,1,0,0
9,1,1,1326,7,1,391,0.0,1,0,0,1,0,0
9,1,0,821,7,1,366,0.0,0,0,0,1,0,0
9,1,0,807,8,1,337,0.0,1,0,0,0,0,1
10,1,1,310,3,0,0,0.0,0,0,0,0,0,1
10,1,1,491,2,0,0,0.0,1,0,0,0,1,0
10,1,0,664,7,1,392,0.0,1,0,0,0,1,0
10,1,0,826,7,1,346,1.0,1,0,0,0,1,0
10,1,0,596,7,1,389,0.0,1,0,0,0,1,0
10,1,1,372,7,1,353,1.0,1,0,0,0,1,0
10,1,1,484,4,0,0,1.0,0,0,0,0,1,0
10,1,0,307,9,0,267,0.0,1,0,0,0,1,0
10,1,1,638,9,1,253,1.0,0,0,0,0,1,0
10,1,1,1173,8,1,541,3.0,0,0,0,0,1,0
10,1,0,795,7,1,335,0.0,1,0,0,0,1,0
10,1,1,796,7,1,481,0.0,1,0,0,0,1,0
10,1,1,1013,7,1,307,2.0,0,0,0,0,1,0
10,1,1,1165,7,1,704,1.0,1,0,0,0,1,0
10,1,1,506,7,1,283,1.0,1,0,0,0,1,0
10,1,1,773,7,1,276,0.0,1,0,0,1,0,0
10,1,1,741,7,1,296,1.0,0,0,0,1,0,0
10,1,0,294,7,1,280,0.0,0,0,0,1,0,0
10,1,1,306,4,0,0,1.0,1,0,0,1,0,0
10,1,1,549,7,1,295,0.0,0,0,0,1,0,0
10,1,0,848,7,1,232,0.0,1,0,0,1,0,0
10,1,1,357,8,0,166,0.0,1,0,0,1,0,0
10,1,1,1049,7,1,687,0.0,0,0,0,1,0,0
10,1,1,429,7,1,228,0.0,0,0,0,1,0,0
10,1,1,283,7,1,214,0.0,1,0,0,1,0,0
10,1,1,261,2,0,228,0.0,0,0,0,1,0,0
10,1,1,600,8,1,255,0.0,1,0,0,1,0,0
10,1,0,227,4,0,0,0.0,1,0,0,1,0,0
10,1,0,322,8,1,317,0.0,1,0,0,0,0,1
10,1,0,66,3,0,0,1.0,0,0,0,0,0,1
10,1,0,330,4,0,125,0.0,0,0,0,0,0,1
10,1,1,383,5,0,40,0.0,0,0,0,0,0,1
10,1,0,36,3,0,0,0.0,0,0,0,0,0,1
10,1,0,439,5,1,143,2.0,0,0,0,0,1,0
10,1,0,84,0,0,0,1.0,0,0,0,0,1,0
10,1,0,148,3,0,0,2.0,1,0,0,0,1,0
10,1,0,1249,8,1,863,0.0,1,0,0,0,1,0
10,1,1,910,8,1,842,2.0,0,0,0,0,1,0
10,1,0,449,8,1,361,0.0,0,0,0,0,1,0
10,1,0,350,6,0,0,0.0,0,0,0,0,1,0
10,1,0,1263,9,1,397,2.0,0,0,0,0,1,0
10,1,1,705,9,1,343,0.0,0,0,0,0,1,0
10,1,0,348,5,1,347,0.0,1,0,0,1,0,0
10,1,1,125,3,0,0,1.0,0,0,0,1,0,0
10,1,0,434,4,0,0,1.0,1,0,0,1,0,0
10,1,0,331,4,0,0,1.0,1,0,0,0,0,1
10,1,0,55,1,0,0,0.0,1,0,0,0,1,0
10,1,1,304,0,0,0,0.0,0,0,0,0,1,0
10,1,1,576,0,0,0,0.0,1,0,0,0,0,1
10,1,0,120,0,0,0,0.0,1,0,0,0,0,1
10,1,1,386,5,1,193,0.0,0,0,0,0,1,0
10,1,1,152,2,0,0,0.0,0,0,0,0,1,0
10,1,0,117,0,0,0,0.0,1,0,0,0,1,0
10,1,1,459,4,0,0,0.0,0,0,1,0,0,0
10,1,0,211,2,0,0,1.0,0,0,1,0,0,0
10,1,1,337,5,1,242,0.0,0,0,1,0,0,0
10,1,1,336,4,0,279,1.0,1,0,1,0,0,0
10,1,1,481,6,0,0,1.0,0,0,0,0,1,0
10,1,0,627,7,1,538,0.0,1,0,0,0,1,0
10,1,1,869,5,0,0,1.0,0,0,0,0,1,0
10,1,0,430,5,1,317,0.0,1,0,0,0,1,0
10,1,1,283,3,0,0,0.0,0,0,0,0,1,0
10,1,1,624,6,1,91,2.0,0,0,0,0,1,0
10,1,1,388,6,1,245,1.0,0,0,0,0,1,0
10,1,0,21,0,0,0,0.0,0,0,0,0,1,0
10,1,1,447,4,0,275,1.0,0,0,0,0,1,0
10,1,0,150,2,0,0,0.0,0,0,0,0,1,0
10,1,1,164,4,0,0,0.0,0,0,0,0,1,0
10,1,0,1112,8,1,693,1.0,1,0,1,0,0,0
10,1,1,641,8,1,193,1.0,0,0,0,0,0,1
10,1,0,798,8,1,779,0.0,1,0,0,0,0,1
10,1,0,1262,8,1,497,1.0,1,0,0,0,0,1
10,1,1,370,4,0,0,0.0,0,0,0,0,0,1
10,1,1,1264,8,1,529,0.0,1,0,0,0,0,1
10,1,1,754,8,1,336,0.0,0,0,0,0,0,1
10,1,0,687,8,1,467,0.0,1,0,0,0,0,1
11,1,1,793,7,1,605,1.0,1,0,0,0,0,1
11,1,0,1099,7,1,433,0.0,1,0,0,0,0,1
11,1,1,642,6,1,307,0.0,1,0,0,0,0,1
11,1,1,311,3,0,0,1.0,0,0,0,0,0,1
11,1,0,298,5,0,0,0.0,1,0,0,0,0,1
11,1,1,79,1,0,0,0.0,1,0,0,0,0,1
11,1,0,131,3,0,125,0.0,1,0,0,0,0,1
11,1,1,569,7,1,416,0.0,1,0,0,0,0,1
11,1,0,187,6,0,0,0.0,1,0,0,0,0,1
11,1,0,632,2,0,0,2.0,0,0,0,0,0,1
11,1,1,238,1,0,0,0.0,1,0,0,0,0,1
11,1,0,247,3,0,0,0.0,0,1,0,0,0,1
11,1,0,331,5,0,0,1.0,0,0,0,0,0,1
11,1,1,426,2,0,0,0.0,0,0,0,0,0,1
11,1,0,300,5,0,0,1.0,1,0,0,0,0,1
11,1,1,211,4,0,0,0.0,1,0,0,0,0,1
11,1,0,327,5,0,0,1.0,1,0,0,0,0,1
11,1,1,830,7,1,479,1.0,0,0,0,0,0,1
11,1,1,795,7,1,678,2.0,1,0,0,0,0,1
11,1,1,384,6,0,0,0.0,0,0,0,0,0,1
11,1,1,469,5,0,0,1.0,1,0,0,0,0,1
11,1,0,743,8,1,445,3.0,1,0,0,0,0,1
12,1,1,1073,8,1,564,1.0,0,0,1,0,0,0
12,1,0,649,8,1,358,0.0,1,0,1,0,0,0
12,1,1,873,7,0,0,0.0,0,0,1,0,0,0
12,1,0,712,8,1,526,0.0,0,0,1,0,0,0
12,1,1,1137,8,1,497,0.0,0,0,1,0,0,0
12,1,0,687,6,0,0,0.0,1,0,0,0,0,1
12,1,1,723,8,1,207,0.0,0,0,0,0,0,1
12,1,0,630,2,0,0,0.0,0,0,0,0,0,1
12,1,0,495,7,0,0,0.0,1,0,0,0,0,1
12,1,1,1013,7,0,0,0.0,0,0,0,0,0,1
12,1,0,461,6,0,0,0.0,0,0,0,0,1,0
12,1,1,1173,8,1,937,2.0,1,0,0,0,1,0
12,1,1,795,8,1,591,0.0,0,0,1,0,0,0
12,1,1,326,4,0,0,0.0,0,0,1,0,0,0
12,1,1,1004,5,0,0,0.0,1,0,1,0,0,0
12,1,0,1171,7,1,452,0.0,1,0,1,0,0,0
12,1,0,221,3,0,0,0.0,1,0,0,0,0,1
12,1,1,1151,7,1,435,0.0,1,0,0,0,0,1
12,1,1,39,0,0,0,0.0,0,0,1,0,0,0
12,1,1,849,7,1,487,0.0,1,0,1,0,0,0
12,1,1,938,7,1,808,0.0,1,0,1,0,0,0
12,1,0,650,6,0,0,0.0,1,0,1,0,0,0
12,1,0,563,5,0,0,0.0,0,1,1,0,0,0
12,1,0,689,7,1,646,0.0,0,0,1,0,0,0
12,1,1,884,7,1,511,0.0,1,0,1,0,0,0
12,1,0,615,4,0,0,1.0,0,0,1,0,0,0
12,1,0,1178,7,1,618,0.0,0,1,1,0,0,0
12,1,0,757,7,1,346,0.0,1,0,1,0,0,0
12,1,0,574,7,1,357,0.0,1,0,1,0,0,0
12,1,1,1106,8,1,880,0.0,0,0,1,0,0,0
12,1,0,1022,8,1,548,0.0,1,0,0,0,0,1
12,1,1,382,7,0,0,0.0,1,0,0,0,0,1
12,1,0,340,5,0,0,1.0,1,0,0,0,0,1
12,1,1,632,7,1,320,0.0,1,0,0,0,0,1
12,1,1,1012,7,1,424,0.0,0,0,0,0,0,1
12,1,1,649,6,0,0,0.0,1,0,0,0,0,1
12,1,0,793,7,1,313,0.0,0,0,0,0,0,1
12,1,1,1316,7,1,1085,0.0,0,0,1,0,0,0
12,1,0,936,7,1,361,1.0,0,0,1,0,0,0
12,1,1,834,7,1,342,0.0,0,0,1,0,0,0
12,1,1,759,7,1,341,0.0,1,0,1,0,0,0
12,1,1,1117,7,1,997,0.0,1,0,1,0,0,0
12,1,1,1017,7,1,604,1.0,0,0,1,0,0,0
12,1,1,1600,7,1,559,0.0,0,0,1,0,0,0
12,1,0,1556,7,1,585,0.0,1,0,1,0,0,0
12,1,0,771,6,0,0,0.0,0,0,0,0,0,1
12,1,0,506,7,1,270,0.0,1,0,0,0,0,1
12,1,0,803,7,1,570,0.0,1,0,0,0,0,1
12,1,1,1164,7,1,788,0.0,0,0,0,0,0,1
12,1,1,127,1,0,0,0.0,0,0,0,0,0,1
12,1,0,1196,6,0,0,1.0,0,0,0,0,0,1
12,1,0,660,8,1,534,0.0,1,0,0,0,0,1
12,1,1,790,8,1,572,0.0,0,0,0,0,0,1
12,1,0,992,8,1,648,2.0,0,0,0,0,0,1
12,1,1,313,1,0,0,1.0,0,0,0,0,0,1
12,1,0,273,4,0,241,0.0,1,0,0,0,1,0
12,1,1,226,0,0,0,1.0,1,0,0,0,1,0
12,1,0,260,3,0,0,0.0,1,0,0,0,1,0
12,1,1,160,2,0,0,0.0,0,0,0,0,1,0
12,1,1,161,0,0,0,1.0,1,0,0,0,1,0
12,1,1,292,4,0,166,0.0,1,0,0,0,1,0
12,1,1,1263,8,1,517,1.0,0,0,0,0,1,0
12,1,1,488,2,0,0,0.0,0,0,0,0,1,0
12,1,1,757,8,1,528,0.0,1,0,0,0,1,0
12,1,0,639,8,1,459,1.0,0,1,0,0,1,0
12,1,0,669,5,0,0,0.0,0,0,1,0,0,0
12,1,0,973,8,1,326,0.0,1,0,0,0,0,1
12,1,1,811,8,1,445,0.0,0,0,0,0,0,1
12,1,0,1082,8,1,868,0.0,1,0,0,0,0,1
12,1,1,568,4,0,0,0.0,1,0,0,0,0,1
12,1,1,353,4,0,0,0.0,1,0,0,0,0,1
12,1,0,1088,8,1,489,0.0,0,0,0,0,0,1
12,1,0,491,8,1,486,0.0,0,0,0,0,1,0
12,1,1,1152,8,1,685,0.0,0,0,0,0,1,0
12,1,1,1279,7,1,327,0.0,0,0,0,0,0,1
12,1,1,872,7,1,563,0.0,0,0,0,0,0,1
12,1,0,366,3,0,0,0.0,0,1,0,0,0,1
12,1,1,581,8,1,528,0.0,0,0,0,0,1,0
12,1,1,781,8,1,531,0.0,1,0,0,0,1,0
13,1,1,238,3,0,0,0.0,0,0,0,0,0,1
13,1,0,906,7,1,680,1.0,0,0,0,0,1,0
13,1,0,626,3,0,0,0.0,1,0,0,0,1,0
13,1,1,443,5,0,0,0.0,1,0,0,0,1,0
13,1,0,461,4,0,0,0.0,1,0,0,0,1,0
13,1,1,1173,5,0,0,1.0,0,0,0,0,1,0
13,1,1,196,1,0,0,0.0,0,0,0,0,1,0
13,1,0,178,1,0,0,0.0,0,1,0,0,1,0
13,1,1,240,3,0,0,0.0,0,0,0,0,1,0
13,1,0,494,6,0,0,0.0,1,0,0,0,0,1
13,1,0,439,5,0,0,0.0,1,0,0,0,0,1
13,1,1,692,5,0,0,0.0,1,0,0,0,1,0
13,1,1,805,4,0,0,0.0,0,0,0,0,1,0
13,1,1,169,2,0,0,0.0,0,0,0,0,1,0
13,1,1,450,6,1,318,0.0,0,0,0,0,1,0
13,1,0,488,4,0,0,1.0,1,0,0,0,1,0
13,1,0,582,7,1,284,0.0,1,0,0,0,1,0
13,1,1,857,7,1,405,0.0,1,0,0,1,0,0
13,1,1,193,0,0,0,0.0,0,0,0,1,0,0
13,1,0,187,2,0,0,1.0,0,0,0,1,0,0
13,1,1,366,5,1,210,0.0,0,0,0,1,0,0
13,1,1,1123,7,1,768,1.0,0,0,0,0,1,0
13,1,1,747,2,0,0,0.0,0,0,0,0,1,0
13,1,1,631,5,0,0,0.0,1,0,0,0,1,0
13,1,1,962,7,1,801,0.0,1,0,0,0,1,0
13,1,1,1006,7,1,677,0.0,1,0,0,0,1,0
13,1,0,923,7,1,521,0.0,1,0,0,0,1,0
13,1,0,836,7,1,597,1.0,1,0,0,0,1,0
13,1,0,682,7,1,509,0.0,1,0,0,0,1,0
13,1,1,884,8,1,301,1.0,0,0,0,0,1,0
13,1,1,321,5,0,0,0.0,0,0,0,0,1,0
13,1,0,919,7,1,919,0.0,0,0,1,0,0,0
13,1,1,831,7,1,781,0.0,1,0,1,0,0,0
13,1,1,323,6,0,0,1.0,0,0,0,0,0,1
13,1,1,335,4,0,0,0.0,1,0,0,0,0,1
13,1,0,466,8,1,138,0.0,0,0,0,0,0,1
13,1,0,595,8,1,595,0.0,1,0,0,0,0,1
13,1,0,866,8,1,345,0.0,1,0,0,0,0,1
13,1,0,340,6,0,0,1.0,1,0,0,0,0,1
13,1,1,632,7,1,300,0.0,1,0,0,0,0,1
13,1,1,1012,7,1,880,1.0,1,0,0,0,0,1
13,1,1,648,7,1,448,0.0,0,0,0,0,0,1
13,1,0,505,4,0,0,0.0,1,0,0,0,0,1
13,1,0,771,4,0,0,1.0,0,0,0,0,0,1
13,1,0,790,7,0,0,0.0,0,0,0,0,0,1
13,1,1,1145,8,1,548,0.0,1,0,0,0,0,1
13,1,0,16,0,0,0,0.0,0,0,0,0,1,0
13,1,1,1236,8,1,1235,0.0,1,0,0,0,1,0
13,1,1,971,7,0,0,2.0,0,0,0,0,1,0
13,1,1,254,2,0,0,0.0,0,0,0,0,1,0
13,1,1,1210,8,1,909,1.0,1,0,0,0,1,0
13,1,1,787,8,1,530,0.0,1,0,0,0,1,0
13,1,1,1029,7,1,832,1.0,1,0,0,0,0,1
13,1,1,945,6,0,0,0.0,0,0,0,0,0,1
13,1,1,1301,7,1,1223,1.0,0,0,0,0,0,1
13,1,0,921,4,0,0,0.0,1,0,0,0,0,1
13,1,0,520,4,0,0,0.0,0,0,0,0,0,1
13,1,1,1309,7,1,1107,0.0,1,0,0,0,0,1
13,1,1,935,6,0,0,0.0,0,0,0,0,0,1
13,1,1,1070,7,0,0,0.0,1,0,0,0,1,0
13,1,0,680,3,0,0,0.0,1,0,0,0,1,0
13,1,1,481,4,0,0,0.0,0,0,0,0,1,0
13,1,1,1042,7,1,550,1.0,0,0,0,0,1,0
13,1,1,159,3,0,0,0.0,0,0,0,0,1,0
13,1,1,424,6,1,319,0.0,1,0,0,0,1,0
13,1,0,627,5,0,0,0.0,0,0,0,0,1,0
13,1,1,869,4,0,0,0.0,0,0,0,0,1,0
13,1,1,808,4,0,0,1.0,0,0,1,0,0,0
13,1,1,688,5,0,0,0.0,0,1,1,0,0,0
13,1,0,711,7,1,494,1.0,1,0,1,0,0,0
13,1,0,742,4,0,338,0.0,1,0,0,1,0,0
13,1,0,277,3,0,0,1.0,0,0,1,0,0,0
13,1,0,111,0,0,0,0.0,0,1,1,0,0,0
13,1,1,172,3,0,0,0.0,0,0,1,0,0,0
13,1,0,376,2,0,0,0.0,0,0,1,0,0,0
13,1,0,417,5,1,182,3.0,0,0,1,0,0,0
14,1,1,819,7,1,783,0.0,1,0,0,0,0,1
14,1,1,552,5,0,0,1.0,0,0,0,0,0,1
14,1,0,511,0,0,0,1.0,1,0,0,0,1,0
14,1,1,962,4,0,0,0.0,0,0,0,0,1,0
14,1,0,627,3,0,0,0.0,1,0,0,0,1,0
14,1,1,442,5,0,0,0.0,0,1,0,0,1,0
14,1,1,889,4,0,0,0.0,1,0,0,0,1,0
14,1,0,862,6,0,0,0.0,1,0,0,0,1,0
14,1,1,143,1,0,0,0.0,1,0,0,0,1,0
14,1,1,164,0,0,0,0.0,1,0,0,0,1,0
14,1,1,175,1,0,0,0.0,0,0,0,0,1,0
14,1,0,840,4,0,0,0.0,1,0,0,0,1,0
14,1,1,805,7,1,529,3.0,0,0,0,0,1,0
14,1,1,460,4,0,0,0.0,0,0,0,0,1,0
14,1,0,466,3,0,0,0.0,1,0,0,0,1,0
14,1,1,911,6,0,0,0.0,0,1,0,0,1,0
14,1,1,238,1,0,0,0.0,0,0,1,0,0,0
14,1,1,410,3,0,0,0.0,1,0,1,0,0,0
14,1,1,618,5,0,0,3.0,0,0,1,0,0,0
14,1,1,443,3,0,0,1.0,1,0,1,0,0,0
14,1,1,1120,7,1,854,1.0,1,0,0,0,0,1
14,1,0,517,2,0,0,0.0,0,0,0,0,0,1
14,1,1,402,4,0,0,0.0,0,0,0,0,0,1
14,1,1,732,7,1,503,0.0,0,0,0,0,0,1
14,1,0,313,3,0,0,0.0,0,1,0,0,0,1
14,1,1,928,7,1,617,0.0,0,1,0,0,0,1
14,1,0,811,3,0,0,1.0,1,0,0,0,0,1
14,1,0,135,4,0,0,1.0,0,0,1,0,0,0
14,1,0,774,2,0,0,0.0,0,0,1,0,0,0
14,1,0,524,1,0,0,0.0,1,0,1,0,0,0
14,1,1,405,2,0,0,0.0,1,0,1,0,0,0
14,1,1,1021,4,0,0,1.0,0,0,1,0,0,0
14,1,1,498,5,0,0,0.0,0,0,0,0,0,1
14,1,1,271,2,0,0,0.0,0,0,0,0,0,1
14,1,1,1021,6,0,0,1.0,1,0,0,0,0,1
14,1,0,295,2,0,0,0.0,0,0,0,0,0,1
14,1,1,338,0,0,0,2.0,0,0,0,0,0,1
14,1,0,300,4,0,0,0.0,1,0,0,0,0,1
14,1,1,833,3,0,0,0.0,1,0,0,0,0,1
14,1,0,563,5,0,0,0.0,1,0,0,0,0,1
14,1,0,533,2,0,0,5.0,0,1,0,0,1,0
14,1,1,140,2,0,0,0.0,1,0,0,0,1,0
14,1,1,142,1,0,0,0.0,0,0,0,0,1,0
14,1,1,620,7,1,619,2.0,1,0,0,0,1,0
14,1,1,335,0,0,0,1.0,0,0,0,0,1,0
14,1,0,827,7,1,619,1.0,0,0,0,0,1,0
14,1,0,364,3,0,0,1.0,1,0,0,0,0,1
14,1,1,921,8,1,366,3.0,1,0,0,0,0,1
14,1,1,711,8,1,602,0.0,1,0,0,0,0,1
14,1,0,847,8,0,0,0.0,1,0,0,0,0,1
14,1,1,883,8,1,872,0.0,0,0,0,0,0,1
14,1,1,121,2,0,0,1.0,0,0,0,0,0,1
14,1,1,108,1,0,0,0.0,0,0,0,0,0,1
14,1,0,712,6,0,0,1.0,0,1,0,0,0,1
14,1,1,343,4,0,0,1.0,1,0,1,0,0,0
14,1,1,358,4,0,0,0.0,1,0,1,0,0,0
14,1,0,653,3,0,0,0.0,0,0,0,0,0,1
14,1,0,784,7,0,0,1.0,1,0,0,0,0,1
14,1,1,835,4,0,0,0.0,1,0,0,0,0,1
14,1,0,1002,7,0,0,4.0,0,0,0,0,0,1
14,1,1,928,6,0,0,1.0,0,0,0,0,0,1
14,1,1,662,6,1,479,0.0,1,0,0,0,0,1
14,1,1,929,2,0,0,0.0,1,0,1,0,0,0
14,1,1,593,1,0,0,1.0,1,0,1,0,0,0
14,1,0,1097,8,1,650,0.0,0,0,1,0,0,0
14,1,1,628,5,0,0,0.0,0,0,1,0,0,0
14,1,0,715,7,0,0,0.0,1,0,0,0,0,1
14,1,0,862,4,0,0,1.0,0,0,0,0,0,1
14,1,0,339,7,0,0,2.0,1,0,0,0,0,1
14,1,1,425,8,1,339,1.0,0,0,0,0,0,1
14,1,0,756,8,1,738,0.0,1,0,0,0,0,1
15,1,0,421,2,0,0,0.0,0,0,0,0,0,1
15,1,0,529,4,0,0,1.0,0,0,0,0,0,1
15,1,1,819,7,1,401,0.0,1,0,0,0,0,1
15,1,1,1356,7,1,966,0.0,1,0,0,0,0,1
15,1,0,529,5,0,0,1.0,0,0,0,0,0,1
15,1,1,945,7,1,501,0.0,0,0,0,0,0,1
15,1,0,1567,5,0,0,2.0,1,0,1,0,0,0
15,1,0,1228,6,0,0,2.0,0,0,1,0,0,0
15,1,1,988,4,0,0,0.0,1,0,0,0,0,1
15,1,0,778,6,0,0,0.0,1,0,0,0,0,1
15,1,1,1068,7,1,383,0.0,0,0,0,0,1,0
15,1,1,735,7,1,373,2.0,0,0,0,0,1,0
15,1,1,812,8,1,386,1.0,1,0,0,0,1,0
15,1,1,868,8,1,867,1.0,1,0,0,0,1,0
15,1,0,840,8,1,433,0.0,0,0,0,0,1,0
15,1,1,837,7,1,690,0.0,0,0,1,0,0,0
15,1,0,591,8,1,589,2.0,0,0,1,0,0,0
15,1,1,1010,7,1,163,2.0,0,0,0,0,1,0
15,1,1,836,7,1,708,1.0,0,0,0,0,1,0
15,1,1,1025,7,1,349,0.0,0,0,0,0,1,0
15,1,1,1036,7,1,621,0.0,1,0,0,0,1,0
15,1,0,1381,8,1,731,1.0,1,0,0,0,0,1
15,1,0,527,5,0,0,0.0,0,0,0,0,0,1
15,1,0,508,6,0,0,0.0,0,0,0,0,0,1
15,1,0,824,7,0,0,1.0,0,0,0,0,0,1
15,1,0,458,2,0,0,0.0,1,0,0,0,0,1
15,1,0,355,6,0,0,1.0,0,0,0,0,0,1
15,1,0,521,7,0,0,1.0,1,0,0,0,0,1
15,1,0,628,7,1,592,0.0,1,0,1,0,0,0
15,1,0,775,7,1,529,1.0,1,0,1,0,0,0
15,1,1,749,6,1,532,0.0,1,0,1,0,0,0
15,1,1,772,6,0,0,0.0,0,0,1,0,0,0
15,1,1,534,7,1,356,1.0,1,0,1,0,0,0
16,1,0,432,2,0,0,0.0,1,0,1,0,0,0
16,1,1,796,5,0,0,0.0,1,0,1,0,0,0
16,1,0,404,2,0,0,0.0,0,0,1,0,0,0
16,1,0,788,3,0,0,1.0,1,0,1,0,0,0
16,1,0,800,6,0,0,0.0,1,0,1,0,0,0
16,1,1,853,3,0,0,1.0,0,0,1,0,0,0
16,1,1,839,7,1,700,0.0,0,0,1,0,0,0
16,1,0,901,4,0,0,0.0,1,0,1,0,0,0
16,1,1,1183,7,1,525,0.0,1,0,1,0,0,0
16,1,1,885,7,1,884,0.0,1,0,1,0,0,0
16,1,1,755,5,0,0,0.0,1,0,1,0,0,0
16,1,1,1133,8,1,1100,0.0,0,0,1,0,0,0
16,1,1,270,3,0,0,1.0,0,0,1,0,0,0
16,1,1,827,3,0,0,1.0,0,0,1,0,0,0
16,1,0,825,8,1,785,0.0,1,0,1,0,0,0
16,1,1,813,4,0,0,0.0,1,0,1,0,0,0
16,1,0,479,6,0,0,0.0,1,0,1,0,0,0
16,1,0,634,3,0,0,1.0,0,0,1,0,0,0
16,1,1,1005,4,0,0,0.0,0,0,1,0,0,0
16,1,1,516,4,0,0,0.0,1,0,1,0,0,0
16,1,0,461,5,0,0,0.0,1,0,1,0,0,0
16,1,0,998,8,1,572,0.0,0,0,1,0,0,0
16,1,0,1360,8,1,889,0.0,1,0,1,0,0,0
16,1,0,691,8,1,494,0.0,1,0,1,0,0,0
16,1,1,291,0,0,0,0.0,1,0,1,0,0,0
16,1,0,1137,9,1,683,1.0,1,0,1,0,0,0
16,1,1,1479,7,1,1196,0.0,1,0,1,0,0,0
16,1,1,279,4,0,0,0.0,1,0,1,0,0,0
16,1,1,1722,7,1,1721,1.0,0,0,1,0,0,0
16,1,0,861,7,1,634,0.0,1,0,1,0,0,0
16,1,1,728,5,0,0,1.0,1,0,1,0,0,0
16,1,0,634,3,0,0,2.0,0,0,1,0,0,0
16,1,0,1093,5,0,0,0.0,1,0,0,0,0,1
16,1,1,1180,7,1,612,0.0,1,0,1,0,0,0
16,1,1,726,5,0,0,1.0,0,0,1,0,0,0
16,1,0,625,7,1,571,0.0,1,0,1,0,0,0
16,1,1,583,6,0,0,0.0,1,0,1,0,0,0
16,1,0,263,3,0,0,0.0,1,0,1,0,0,0
16,1,0,843,5,0,0,0.0,1,0,1,0,0,0
16,1,0,471,4,0,0,0.0,1,0,1,0,0,0
16,1,1,362,2,0,0,1.0,0,0,1,0,0,0
16,1,1,798,1,0,0,0.0,0,0,1,0,0,0
16,1,1,606,1,0,0,1.0,0,0,0,0,1,0
16,1,1,302,1,0,0,0.0,0,0,0,0,1,0
16,1,0,225,2,0,0,0.0,0,1,0,0,1,0
16,1,1,397,2,0,0,2.0,0,0,0,0,1,0
16,1,1,277,5,0,0,0.0,1,0,0,0,1,0
16,1,1,698,8,1,688,1.0,1,0,1,0,0,0
16,1,1,851,8,1,636,0.0,0,0,1,0,0,0
16,1,1,695,8,1,636,0.0,1,0,1,0,0,0
16,1,0,441,8,1,272,0.0,1,0,1,0,0,0
16,1,1,977,6,0,0,0.0,0,0,1,0,0,0
16,1,0,782,5,0,0,4.0,1,0,1,0,0,0
16,1,0,755,5,0,0,0.0,1,0,1,0,0,0
16,1,1,613,4,0,0,0.0,0,0,1,0,0,0
16,1,1,491,2,0,0,0.0,0,0,1,0,0,0
17,1,1,1076,9,1,470,0.0,1,0,0,0,0,1
17,1,1,312,1,0,0,0.0,0,0,0,0,0,1
17,1,1,703,2,0,0,0.0,1,0,0,0,1,0
17,1,1,654,9,1,400,0.0,1,0,0,0,1,0
17,1,0,1087,5,0,0,0.0,0,0,0,0,1,0
17,1,1,739,9,1,512,0.0,0,0,0,0,1,0
17,1,1,159,0,0,0,0.0,1,0,0,0,1,0
17,1,1,22,1,0,11,1.0,0,0,0,0,1,0
17,1,0,120,0,0,0,0.0,1,0,0,0,1,0
17,1,1,560,4,0,200,0.0,1,0,0,0,1,0
17,1,0,120,2,0,0,0.0,0,0,0,0,1,0
17,1,1,273,1,0,0,2.0,0,0,0,0,1,0
17,1,1,248,4,0,208,0.0,0,0,0,0,1,0
17,1,0,15,0,0,0,0.0,0,0,0,0,1,0
17,1,0,71,1,0,0,0.0,0,0,0,0,1,0
17,1,0,22,1,0,0,0.0,0,0,0,0,1,0
17,1,1,90,0,0,0,0.0,0,0,0,0,1,0
17,1,1,100,0,0,0,0.0,0,0,0,0,1,0
17,1,1,863,8,0,0,0.0,0,0,0,0,1,0
17,1,0,798,6,0,0,0.0,1,0,0,0,1,0
17,1,1,832,6,0,0,2.0,0,0,0,0,1,0
17,1,0,754,7,0,0,0.0,1,0,0,0,1,0
17,1,0,841,9,1,551,2.0,0,0,0,1,0,0
17,1,0,461,4,0,0,0.0,1,0,0,1,0,0
17,1,1,838,9,1,506,0.0,1,0,0,1,0,0
17,1,1,546,6,1,376,0.0,0,1,0,1,0,0
17,1,0,61,2,0,0,0.0,1,0,0,0,1,0
17,1,1,140,1,0,0,0.0,0,0,0,0,1,0
17,1,0,141,1,0,0,1.0,0,0,0,0,1,0
17,1,0,416,0,0,0,0.0,0,0,0,0,1,0
17,1,0,221,2,0,0,0.0,0,0,0,0,1,0
17,1,0,227,0,0,0,0.0,1,0,0,0,1,0
17,1,0,209,3,0,0,0.0,1,0,0,0,1,0
17,1,0,415,1,0,0,1.0,0,1,0,0,1,0
17,1,0,119,2,0,0,0.0,0,0,0,0,1,0
17,1,0,98,1,0,0,0.0,1,0,0,0,1,0
17,1,1,355,2,0,0,0.0,1,0,0,0,1,0
17,1,1,183,1,0,0,1.0,0,0,0,0,1,0
17,1,1,379,2,0,0,0.0,0,0,0,0,1,0
17,1,1,1287,8,1,638,0.0,1,0,0,0,1,0
17,1,0,670,4,0,0,0.0,1,0,0,0,1,0
17,1,1,743,8,1,702,2.0,0,0,0,0,1,0
17,1,0,176,6,1,151,0.0,1,0,0,1,0,0
17,1,1,161,3,0,0,0.0,0,0,0,1,0,0
17,1,1,116,1,0,0,0.0,0,0,0,1,0,0
17,1,1,191,5,0,0,1.0,1,0,0,1,0,0
17,1,1,75,0,0,0,0.0,0,0,0,1,0,0
17,1,1,14,0,0,0,0.0,0,0,0,1,0,0
17,1,1,220,2,0,0,1.0,0,0,0,1,0,0
17,1,0,546,6,0,0,1.0,1,0,0,1,0,0
17,1,0,108,3,0,0,0.0,1,0,0,0,1,0
17,1,1,35,2,0,0,0.0,0,0,0,0,1,0
17,1,1,578,8,1,483,0.0,0,1,0,0,1,0
17,1,1,536,8,1,383,0.0,1,0,0,0,1,0
17,1,1,596,8,1,399,0.0,0,0,0,0,1,0
17,1,1,222,4,0,0,0.0,0,0,0,0,1,0
18,1,1,732,6,0,0,1.0,0,0,0,0,0,1
18,1,0,311,1,0,0,0.0,0,0,0,0,0,1
18,1,1,318,1,0,0,0.0,0,0,0,0,0,1
18,1,1,908,2,0,0,1.0,0,0,0,0,1,0
18,1,0,571,5,0,0,1.0,1,0,0,0,1,0
18,1,0,529,3,0,0,0.0,0,0,0,0,0,1
18,1,0,552,5,0,0,1.0,1,0,0,0,1,0
18,1,0,505,3,0,0,0.0,0,0,0,0,1,0
18,1,0,559,8,1,431,0.0,0,0,0,0,1,0
18,1,0,681,8,1,671,0.0,1,0,0,0,1,0
18,1,1,280,1,0,0,0.0,0,0,0,0,1,0
18,1,0,535,5,0,0,2.0,0,0,0,0,1,0
18,1,0,771,2,0,0,0.0,1,0,0,0,1,0
18,1,1,827,3,0,0,0.0,1,0,0,0,1,0
18,1,1,268,1,0,0,1.0,1,0,0,0,1,0
18,1,0,660,7,0,0,0.0,1,0,0,0,1,0
18,1,0,796,3,0,0,0.0,1,0,0,1,0,0
18,1,0,238,0,0,0,0.0,1,0,0,1,0,0
18,1,0,384,3,0,0,2.0,1,0,0,1,0,0
18,1,0,668,8,1,600,0.0,0,0,0,1,0,0
18,1,1,459,5,0,0,0.0,0,0,0,1,0,0
18,1,0,506,2,0,0,0.0,1,0,0,1,0,0
18,1,0,223,0,0,0,0.0,1,0,0,0,0,1
18,1,1,329,4,0,0,1.0,1,0,0,0,0,1
18,1,0,348,2,0,0,1.0,0,0,0,0,1,0
18,1,0,392,7,0,0,0.0,1,0,0,0,1,0
18,1,1,1316,8,1,678,0.0,0,0,0,0,1,0
18,1,1,943,6,0,0,1.0,0,0,0,0,1,0
18,1,1,1354,8,1,1340,0.0,1,0,0,0,1,0
18,1,1,951,4,0,0,1.0,0,0,0,0,1,0
18,1,0,595,5,0,0,2.0,0,0,0,0,1,0
18,1,1,921,2,0,0,0.0,0,0,0,0,1,0
18,1,0,821,5,0,0,0.0,1,0,0,0,1,0
18,1,0,1017,8,1,932,0.0,1,0,0,0,1,0
18,1,0,801,2,0,0,1.0,0,1,0,0,1,0
18,1,1,439,4,0,0,0.0,1,0,0,1,0,0
18,1,0,540,6,0,0,0.0,1,0,0,0,1,0
18,1,0,530,8,1,518,0.0,0,0,0,0,1,0
18,1,1,859,7,0,0,0.0,1,0,0,0,1,0
18,1,0,175,2,0,0,0.0,1,0,0,0,1,0
18,1,1,468,5,0,0,2.0,1,0,0,0,1,0
18,1,1,238,3,0,0,0.0,1,0,0,0,1,0
18,1,1,380,6,1,290,0.0,0,0,0,0,1,0
18,1,0,352,3,0,0,0.0,0,1,0,0,1,0
18,1,1,664,7,1,557,1.0,0,0,0,0,1,0
18,1,1,461,4,0,0,2.0,0,0,0,0,1,0
18,1,1,476,5,1,321,2.0,0,0,0,0,1,0
18,1,1,74,0,0,0,0.0,0,0,0,0,1,0
18,1,1,94,1,0,0,1.0,0,0,0,0,1,0
18,1,1,115,1,0,0,0.0,1,0,0,0,1,0
18,1,0,305,4,0,0,2.0,1,0,0,0,1,0
18,1,0,270,3,0,0,1.0,1,0,0,0,1,0
18,1,1,280,3,0,0,0.0,0,0,0,0,1,0
18,1,0,142,3,0,0,0.0,0,0,0,0,1,0
18,1,1,566,7,1,522,0.0,1,0,0,0,1,0
18,1,0,550,4,0,0,0.0,1,0,0,0,1,0
18,1,1,805,7,1,442,0.0,0,0,0,0,1,0
18,1,1,460,5,0,0,1.0,0,0,0,0,1,0
18,1,0,619,7,0,0,0.0,0,0,0,0,1,0
18,1,1,1018,5,0,0,1.0,1,0,0,0,1,0
18,1,1,985,8,1,679,0.0,1,0,0,0,1,0
18,1,1,736,1,0,0,0.0,1,0,0,0,1,0
18,1,1,969,8,1,783,0.0,0,0,0,0,1,0
18,1,0,767,8,1,345,0.0,1,0,0,0,1,0
18,1,0,886,8,1,639,0.0,0,0,0,0,1,0
18,1,1,674,1,0,0,0.0,1,0,0,0,1,0
18,1,0,774,7,0,0,0.0,0,0,0,0,1,0
18,1,0,1122,7,1,1068,0.0,1,0,0,0,1,0
18,1,1,1076,7,1,752,0.0,1,0,0,0,1,0
18,1,1,575,6,0,0,1.0,0,0,0,0,1,0
18,1,1,783,7,1,481,0.0,1,0,0,0,1,0
18,1,1,519,5,0,0,0.0,1,0,0,0,1,0
18,1,1,464,5,0,0,0.0,0,0,0,0,1,0
18,1,1,805,8,1,589,0.0,0,0,0,0,1,0
18,1,1,701,7,0,0,0.0,0,0,0,1,0,0
18,1,1,923,8,1,554,0.0,1,0,0,1,0,0
18,1,0,39,0,0,0,0.0,1,0,0,1,0,0
18,1,0,589,5,0,0,0.0,1,0,0,0,0,1
18,1,1,905,7,1,658,1.0,0,0,0,0,1,0
18,1,0,667,7,1,394,0.0,0,0,0,0,1,0
18,1,1,182,2,0,0,0.0,0,0,0,0,1,0
18,1,1,924,4,0,0,0.0,0,0,0,0,1,0
19,1,1,880,7,0,0,1.0,1,0,0,0,1,0
19,1,1,280,5,0,0,0.0,0,0,0,0,1,0
19,1,1,954,8,1,628,0.0,1,0,0,0,1,0
19,1,1,1227,8,1,891,0.0,1,0,0,0,1,0
19,1,1,748,7,1,501,1.0,1,0,0,0,1,0
19,1,1,664,6,1,420,0.0,1,0,0,0,1,0
19,1,0,819,5,0,0,2.0,0,0,0,0,0,1
19,1,0,820,5,0,0,2.0,0,0,0,0,0,1
19,1,0,781,8,1,284,0.0,1,0,0,0,0,1
19,1,0,781,8,1,284,0.0,1,0,0,0,0,1
19,1,1,394,7,1,393,0.0,1,0,0,0,0,1
19,1,1,394,7,1,393,0.0,1,0,0,0,0,1
19,1,1,639,7,1,344,1.0,1,0,0,0,0,1
19,1,1,638,7,1,343,1.0,1,0,0,0,0,1
19,1,0,1306,7,1,252,3.0,0,0,0,0,0,1
19,1,0,1305,7,1,252,3.0,0,0,0,0,0,1
19,1,1,480,6,0,0,0.0,0,0,0,0,0,1
19,1,1,480,6,0,0,0.0,0,0,0,0,0,1
19,1,0,874,7,1,276,0.0,1,0,0,0,0,1
19,1,0,874,7,1,276,0.0,1,0,0,0,0,1
19,1,0,406,5,0,0,0.0,1,0,0,0,0,1
19,1,0,405,5,0,0,0.0,1,0,0,0,0,1
19,1,1,119,3,0,0,0.0,0,0,0,0,0,1
19,1,1,120,3,0,0,0.0,0,0,0,0,0,1
19,1,1,741,7,1,461,1.0,1,0,0,0,0,1
19,1,1,742,7,1,462,1.0,1,0,0,0,0,1
19,1,1,943,7,1,770,0.0,1,0,0,0,0,1
19,1,1,943,7,1,770,0.0,1,0,0,0,0,1
19,1,1,529,7,1,270,0.0,0,0,0,0,0,1
19,1,1,348,5,0,0,0.0,0,0,0,0,1,0
20,1,1,182,3,0,0,0.0,1,0,0,1,0,0
20,1,1,31,2,0,0,0.0,1,0,0,1,0,0
20,1,0,475,5,0,0,1.0,0,0,0,1,0,0
20,1,0,241,1,0,0,0.0,0,0,0,1,0,0
20,1,0,112,1,0,0,0.0,1,0,0,1,0,0
20,1,1,212,2,0,0,0.0,0,0,0,1,0,0
20,1,0,385,4,0,0,0.0,1,0,0,1,0,0
20,1,1,117,2,0,0,0.0,1,0,0,1,0,0
20,1,0,206,4,0,205,0.0,0,0,0,1,0,0
20,1,0,268,3,0,0,0.0,0,1,0,1,0,0
20,1,0,242,4,0,111,0.0,1,0,0,1,0,0
20,1,0,147,0,0,0,0.0,0,0,0,0,1,0
20,1,0,357,4,0,357,0.0,1,0,0,0,1,0
20,1,0,161,1,0,0,0.0,0,0,0,0,1,0
20,1,1,441,4,0,320,0.0,0,0,0,0,1,0
20,1,1,282,2,0,0,0.0,0,0,0,0,1,0
20,1,0,132,0,0,0,1.0,0,0,0,0,1,0
20,1,1,456,3,0,0,1.0,0,0,0,0,1,0
20,1,1,459,4,0,459,2.0,0,0,0,0,1,0
20,1,1,172,3,0,0,0.0,0,1,0,0,1,0
20,1,0,645,4,0,278,1.0,0,0,0,0,1,0
20,1,0,214,1,0,0,0.0,0,0,0,1,0,0
20,1,1,203,1,0,0,0.0,0,0,0,1,0,0
20,1,0,138,0,0,0,0.0,0,0,0,1,0,0
20,1,0,285,2,0,0,0.0,1,0,0,0,0,1
20,1,0,203,1,0,0,1.0,0,1,0,0,0,1
20,1,0,35,0,0,0,0.0,1,0,0,0,0,1
20,1,0,206,1,0,0,0.0,1,0,0,0,1,0
20,1,0,46,1,0,0,0.0,1,0,0,0,1,0
20,1,0,180,1,0,0,1.0,1,0,0,0,1,0
20,1,0,294,5,1,283,1.0,1,0,0,0,1,0
20,1,1,118,0,0,0,0.0,1,0,0,0,1,0
20,1,0,494,5,1,482,0.0,1,0,0,0,1,0
20,1,1,121,1,0,0,0.0,0,0,0,0,1,0
20,1,0,158,0,0,0,1.0,0,0,0,0,1,0
20,1,0,182,3,0,0,0.0,1,0,0,0,1,0
20,1,0,100,1,0,0,0.0,1,0,0,1,0,0
20,1,0,461,4,0,460,2.0,1,0,0,1,0,0
20,1,1,322,4,0,150,1.0,1,0,0,1,0,0
20,1,1,434,4,0,434,0.0,0,0,0,1,0,0
20,1,1,203,4,0,0,2.0,0,0,0,1,0,0
20,1,1,395,4,0,0,0.0,1,0,0,0,0,1
20,1,1,496,6,1,358,0.0,1,0,0,0,0,1
20,1,0,430,2,0,0,0.0,1,0,0,0,0,1
20,1,1,429,6,1,428,0.0,0,0,0,0,0,1
20,1,0,665,5,1,320,0.0,1,0,0,0,0,1
20,1,0,285,5,1,284,0.0,1,0,0,0,0,1
20,1,1,126,1,0,0,0.0,0,0,0,0,0,1
21,1,0,576,8,1,406,0.0,0,1,0,0,0,1
21,1,0,574,4,0,0,0.0,0,1,0,0,0,1
21,1,1,450,6,0,0,0.0,1,0,0,0,0,1
21,1,0,1222,5,0,0,3.0,1,0,0,0,0,1
21,1,1,652,7,0,0,1.0,0,0,0,0,0,1
21,1,0,680,8,1,472,1.0,1,0,0,0,0,1
21,1,1,1528,8,1,1106,0.0,1,0,0,0,0,1
21,1,0,547,7,1,370,0.0,1,0,0,1,0,0
21,1,1,570,7,1,289,0.0,1,0,0,1,0,0
21,1,0,700,7,1,510,0.0,0,0,0,1,0,0
21,1,1,764,7,1,635,1.0,0,0,0,1,0,0
21,1,1,778,6,0,0,1.0,0,0,0,1,0,0
21,1,1,423,6,0,0,0.0,0,0,0,0,1,0
21,1,0,666,5,0,0,0.0,1,0,0,0,1,0
21,1,0,596,2,0,0,1.0,0,0,0,0,1,0
21,1,1,182,3,0,0,0.0,0,0,0,0,1,0
21,1,1,741,4,0,0,1.0,0,0,0,0,1,0
21,1,0,518,3,0,0,2.0,1,0,0,0,1,0
21,1,1,668,7,1,515,1.0,1,0,0,0,1,0
21,1,0,865,7,1,274,0.0,1,0,0,0,1,0
21,1,1,973,7,1,834,0.0,0,0,0,0,1,0
21,1,0,951,7,1,115,1.0,1,0,0,0,1,0
21,1,1,693,7,1,263,1.0,0,0,0,0,1,0
21,1,0,487,6,0,0,0.0,0,0,0,0,1,0
21,1,1,1008,7,1,1006,1.0,0,0,0,0,1,0
21,1,0,297,5,0,0,0.0,1,0,0,1,0,0
21,1,1,540,7,1,507,3.0,0,0,0,1,0,0
21,1,0,451,7,1,433,0.0,1,0,0,0,1,0
21,1,0,629,5,0,0,1.0,0,0,0,0,1,0
21,1,0,164,1,0,0,0.0,0,0,0,0,1,0
21,1,1,1259,7,1,465,1.0,1,0,0,0,1,0
21,1,0,278,2,0,0,0.0,0,0,0,0,1,0
21,1,0,870,5,0,0,0.0,0,0,0,0,1,0
21,1,1,976,7,1,780,0.0,1,0,0,0,1,0
21,1,1,304,4,0,0,0.0,0,0,0,0,1,0
21,1,1,359,2,0,0,0.0,0,0,0,0,1,0
21,1,1,565,7,1,564,0.0,0,0,0,0,1,0
21,1,1,281,3,0,0,0.0,0,0,0,0,1,0
21,1,0,314,4,0,0,0.0,1,0,0,0,1,0
21,1,1,634,5,1,296,0.0,0,0,0,0,1,0
21,1,1,371,5,0,0,0.0,1,0,0,0,1,0
21,1,1,588,8,1,407,0.0,0,0,0,0,1,0
21,1,1,641,3,0,0,0.0,0,0,0,0,1,0
21,1,1,586,7,0,0,0.0,0,0,0,0,1,0
21,1,1,1299,8,1,652,1.0,0,0,0,0,1,0
21,1,1,857,5,0,0,2.0,0,0,0,0,1,0
21,1,0,695,5,0,0,1.0,1,0,0,0,1,0
21,1,1,1112,8,1,912,2.0,1,0,0,0,1,0
21,1,1,1124,8,1,687,0.0,1,0,0,0,1,0
21,1,0,498,5,0,0,0.0,1,0,0,0,1,0
21,1,1,431,4,0,0,0.0,0,0,0,0,1,0
21,1,1,459,7,1,369,0.0,1,0,0,0,1,0
21,1,1,856,6,0,0,0.0,1,0,0,0,1,0
21,1,0,511,4,0,0,0.0,1,0,0,0,1,0
21,1,1,386,6,1,258,1.0,0,0,0,0,1,0
21,1,0,311,2,0,0,0.0,0,0,0,0,1,0
21,1,0,694,6,1,666,0.0,0,0,0,0,1,0
21,1,0,802,8,1,679,0.0,1,0,0,1,0,0
21,1,1,976,8,1,809,0.0,1,0,0,1,0,0
21,1,1,339,3,0,0,0.0,0,0,0,1,0,0
21,1,0,631,5,0,0,0.0,0,0,0,1,0,0
22,1,0,811,1,0,0,0.0,0,0,0,0,0,1
22,1,0,939,1,0,0,0.0,1,0,0,0,0,1
22,1,1,257,0,0,0,0.0,0,0,0,0,0,1
22,1,1,502,2,0,0,0.0,0,0,0,0,0,1
22,1,0,523,1,0,0,0.0,1,0,0,0,0,1
22,1,0,520,0,0,0,0.0,1,0,0,0,0,1
22,1,1,793,6,0,0,0.0,0,0,0,0,0,1
22,1,0,511,4,0,0,0.0,0,0,0,0,0,1
22,1,1,20,0,0,0,0.0,0,0,0,0,1,0
22,1,0,1086,7,1,576,1.0,1,0,0,0,0,1
22,1,0,874,4,0,0,2.0,0,0,0,0,0,1
22,1,1,648,8,1,648,0.0,0,0,0,0,0,1
22,1,0,909,7,1,908,0.0,1,0,0,0,1,0
22,1,0,865,7,1,422,0.0,0,0,0,0,1,0
22,1,1,1091,6,0,0,1.0,0,0,0,0,1,0
22,1,0,1169,5,0,0,1.0,1,0,0,0,1,0
22,1,1,704,5,0,0,0.0,1,0,0,1,0,0
22,1,1,504,5,0,0,0.0,0,0,1,0,0,0
22,1,1,662,6,0,0,0.0,0,0,1,0,0,0
22,1,0,827,7,1,801,3.0,0,0,0,0,0,1
22,1,1,1193,7,1,992,1.0,0,1,0,0,0,1
22,1,1,839,7,1,838,1.0,0,0,0,0,0,1
22,1,1,1540,5,0,0,0.0,0,0,0,0,0,1
22,1,1,538,2,0,0,1.0,0,0,0,0,0,1
22,1,1,1114,7,1,1112,0.0,0,0,0,0,1,0
22,1,0,834,7,1,374,0.0,0,0,0,0,1,0
22,1,0,1017,5,0,0,0.0,1,0,0,0,1,0
22,1,1,1194,7,1,1156,1.0,0,0,0,0,1,0
22,1,1,893,7,1,752,2.0,0,0,0,0,1,0
22,1,1,886,7,1,649,1.0,1,0,0,0,1,0
22,1,1,1046,6,0,0,2.0,1,0,0,0,1,0
22,1,0,728,6,0,0,1.0,1,0,0,0,1,0
22,1,0,391,1,0,0,0.0,0,0,0,0,1,0
22,1,1,242,0,0,0,0.0,0,0,0,0,1,0
22,1,1,197,1,0,0,0.0,1,0,0,0,1,0
22,1,0,741,6,1,739,1.0,1,0,0,0,1,0
22,1,1,519,0,0,0,0.0,1,0,0,0,1,0
22,1,0,823,6,1,312,0.0,1,0,0,0,1,0
22,1,0,660,4,0,0,0.0,0,1,1,0,0,0
22,1,0,204,0,0,0,1.0,0,0,1,0,0,0
22,1,0,915,6,0,0,1.0,1,0,1,0,0,0
22,1,0,766,1,0,0,0.0,1,0,1,0,0,0
22,1,1,798,7,1,569,0.0,0,0,0,0,0,1
22,1,1,518,7,0,0,0.0,0,0,0,0,0,1
22,1,0,629,1,0,0,0.0,1,0,0,0,0,1
22,1,1,404,7,0,0,0.0,1,0,0,0,0,1
22,1,1,530,8,1,507,1.0,1,0,0,0,0,1
22,1,0,358,2,0,0,1.0,1,0,0,0,0,1
22,1,1,947,8,1,946,0.0,0,0,0,0,0,1
22,1,1,659,7,0,0,0.0,0,0,0,0,0,1
22,1,0,1178,2,0,0,0.0,1,0,0,0,0,1
22,1,0,680,3,0,0,0.0,1,0,0,0,0,1
22,1,1,442,8,1,387,0.0,1,0,0,0,0,1
22,1,1,342,4,0,0,0.0,1,0,0,0,0,1
22,1,1,996,7,1,152,0.0,0,0,0,0,0,1
22,1,1,663,3,0,0,2.0,0,0,0,0,1,0
22,1,0,1315,5,0,0,0.0,0,0,0,0,1,0
22,1,0,706,6,0,0,0.0,0,0,0,0,1,0
22,1,0,900,7,1,714,0.0,0,0,0,0,1,0
22,1,0,927,7,0,0,1.0,0,0,1,0,0,0
22,1,0,1464,7,0,0,0.0,1,0,1,0,0,0
22,1,1,963,4,0,0,2.0,0,0,1,0,0,0
22,1,0,688,5,0,0,1.0,0,0,1,0,0,0
22,1,0,456,1,0,0,0.0,0,0,1,0,0,0
22,1,1,395,4,0,0,0.0,0,0,1,0,0,0
22,1,1,973,5,0,0,1.0,0,0,1,0,0,0
22,1,1,1188,5,0,0,0.0,1,0,0,0,0,1
22,1,0,691,3,0,0,1.0,0,0,0,0,0,1
22,1,0,720,5,0,0,0.0,1,0,0,0,0,1
22,1,0,678,5,0,0,1.0,1,0,0,0,0,1
22,1,1,742,1,0,0,0.0,0,0,0,0,0,1
22,1,0,884,7,1,687,0.0,1,0,0,0,0,1
22,1,1,716,3,0,0,3.0,1,0,0,0,0,1
22,1,1,735,6,0,0,1.0,0,0,0,0,0,1
22,1,1,997,7,1,297,0.0,0,0,0,0,0,1
22,1,0,1529,7,1,1323,0.0,1,0,0,0,0,1
22,1,1,635,2,0,0,1.0,1,0,0,0,0,1
22,1,0,475,5,0,0,1.0,1,0,0,0,1,0
22,1,1,663,3,0,0,0.0,1,0,0,0,1,0
22,1,0,1249,6,1,804,1.0,0,1,0,0,1,0
23,1,0,1043,8,1,658,0.0,1,0,0,0,0,1
23,1,1,1025,8,1,815,1.0,0,0,0,0,0,1
23,1,0,556,3,0,0,0.0,0,0,0,0,0,1
23,1,1,735,8,1,602,0.0,0,0,0,0,0,1
23,1,0,1109,7,0,0,0.0,1,0,0,0,0,1
23,1,1,635,8,1,480,0.0,0,1,0,0,0,1
23,1,1,836,8,1,517,1.0,0,0,0,0,0,1
23,1,1,757,8,1,641,2.0,0,0,0,0,0,1
23,1,1,774,7,1,361,2.0,0,0,0,0,0,1
23,1,0,570,4,0,0,3.0,0,0,0,0,0,1
23,1,1,1450,7,1,332,1.0,0,0,1,0,0,0
23,1,1,340,2,0,0,0.0,1,0,1,0,0,0
23,1,1,427,4,0,0,0.0,0,0,1,0,0,0
23,1,1,300,4,0,0,0.0,1,0,1,0,0,0
23,1,1,1471,7,1,961,1.0,1,0,0,0,0,1
23,1,1,987,7,1,920,2.0,1,0,1,0,0,0
23,1,1,420,6,0,0,0.0,0,0,1,0,0,0
23,1,0,866,7,1,375,0.0,1,0,1,0,0,0
23,1,1,735,8,1,443,0.0,1,0,0,0,0,1
23,1,1,808,8,1,641,0.0,1,0,0,0,0,1
23,1,0,721,8,1,516,0.0,1,0,0,0,0,1
23,1,0,369,7,0,0,0.0,0,0,0,0,0,1
23,1,0,636,6,0,0,0.0,1,0,0,0,0,1
23,1,1,1049,8,1,982,0.0,0,0,0,0,0,1
23,1,1,812,8,1,628,2.0,1,0,0,0,0,1
23,1,0,1081,8,1,816,0.0,0,0,0,0,0,1
23,1,0,629,8,1,555,2.0,1,0,0,0,0,1
23,1,1,568,8,1,463,0.0,0,0,0,0,0,1
23,1,1,353,4,0,0,0.0,0,0,0,0,0,1
23,1,0,545,5,1,234,0.0,0,0,0,0,0,1
24,1,0,575,8,0,0,2.0,1,0,0,0,1,0
24,1,1,556,9,1,292,0.0,1,0,0,0,1,0
24,1,0,322,9,1,318,1.0,1,0,0,0,1,0
24,1,0,162,8,1,154,0.0,1,0,0,0,1,0
24,1,1,79,0,0,0,0.0,0,0,0,0,1,0
24,1,1,49,0,0,0,0.0,0,0,0,0,1,0
24,1,1,609,8,1,394,1.0,0,0,0,0,1,0
24,1,1,179,2,0,0,0.0,1,0,0,0,1,0
24,1,0,674,9,1,270,0.0,1,0,0,0,1,0
24,1,0,417,7,0,0,0.0,0,0,0,0,1,0
24,1,1,396,9,1,248,0.0,1,0,0,0,1,0
24,1,0,645,8,1,581,2.0,1,0,0,1,0,0
24,1,1,297,4,0,0,0.0,1,0,0,1,0,0
24,1,1,494,6,1,282,0.0,1,0,0,1,0,0
24,1,1,725,9,1,480,0.0,0,0,0,1,0,0
24,1,0,431,7,0,0,0.0,1,0,0,1,0,0
24,1,1,795,9,1,588,0.0,0,0,0,1,0,0
24,1,0,237,9,1,153,0.0,1,0,0,0,1,0
24,1,1,376,8,1,174,0.0,0,0,0,0,1,0
24,1,1,1378,8,1,443,0.0,1,0,0,0,1,0
24,1,1,455,8,1,350,0.0,0,0,0,0,1,0
24,1,1,312,8,1,175,0.0,1,0,0,0,1,0
24,1,0,449,5,0,0,1.0,0,0,0,0,1,0
24,1,0,573,9,1,427,0.0,0,0,0,0,1,0
24,1,1,521,4,0,0,1.0,1,0,0,0,1,0
24,1,1,209,1,0,0,1.0,1,0,0,0,1,0
24,1,0,725,8,1,446,0.0,1,0,0,0,1,0
24,1,1,418,8,1,256,0.0,0,0,0,0,1,0
24,1,1,227,4,0,0,0.0,0,0,0,0,1,0
24,1,1,303,7,0,0,0.0,0,0,0,0,1,0
24,1,1,466,5,0,0,0.0,1,0,0,1,0,0
25,1,0,483,1,0,0,0.0,1,0,0,0,0,1
25,1,1,839,8,1,403,0.0,0,0,0,0,0,1
25,1,0,301,5,0,0,1.0,0,0,0,0,0,1
25,1,0,468,6,0,0,1.0,0,0,0,0,0,1
25,1,1,211,3,0,0,0.0,0,0,0,0,0,1
25,1,0,709,7,1,497,1.0,1,0,0,0,0,1
25,1,1,1480,8,1,579,0.0,0,0,0,0,0,1
25,1,1,634,8,1,517,0.0,1,0,0,0,0,1
25,1,1,461,4,0,0,0.0,1,0,0,0,0,1
25,1,1,1078,8,1,1078,0.0,1,0,0,0,0,1
25,1,1,1076,5,0,0,0.0,1,0,0,0,0,1
25,1,0,960,4,0,0,0.0,1,0,0,0,1,0
25,1,1,255,2,0,0,0.0,0,0,0,0,1,0
25,1,1,1210,8,1,919,2.0,0,0,0,0,1,0
25,1,1,1081,7,1,872,0.0,1,0,0,0,1,0
25,1,1,1147,7,1,855,1.0,0,0,0,0,1,0
25,1,1,1211,2,0,0,0.0,1,0,0,1,0,0
25,1,1,1351,7,1,1033,1.0,1,0,0,1,0,0
25,1,0,614,2,0,0,1.0,1,0,0,1,0,0
25,1,1,646,5,0,0,0.0,1,0,0,1,0,0
25,1,1,957,7,1,955,0.0,0,0,0,1,0,0
25,1,0,656,7,1,651,0.0,0,0,0,1,0,0
25,1,1,1107,7,1,770,0.0,1,0,0,1,0,0
25,1,1,748,7,1,361,0.0,1,0,0,1,0,0
25,1,0,377,3,0,217,0.0,1,0,0,1,0,0
25,1,0,637,3,0,0,0.0,0,0,0,1,0,0
25,1,0,454,5,0,0,0.0,1,0,0,1,0,0
25,1,0,209,0,0,0,0.0,1,0,0,1,0,0
25,1,1,382,3,0,0,0.0,0,0,0,1,0,0
25,1,1,873,8,1,384,0.0,1,0,0,1,0,0
25,1,0,564,2,0,0,0.0,1,0,0,0,0,1
25,1,0,548,2,0,0,0.0,1,0,0,0,0,1
25,1,1,120,0,0,0,0.0,0,0,0,0,0,1
25,1,1,43,1,0,0,0.0,0,0,0,0,0,1
25,1,0,315,2,0,0,0.0,1,0,0,0,0,1
25,1,1,1740,8,1,847,0.0,0,0,0,0,0,1
25,1,0,707,3,0,0,1.0,0,0,0,0,0,1
25,1,0,706,6,0,0,0.0,1,0,0,0,0,1
25,1,0,987,8,1,557,0.0,1,0,0,0,0,1
25,1,0,1063,8,1,858,0.0,0,0,0,0,0,1
25,1,1,411,2,0,0,0.0,1,0,0,0,1,0
25,1,1,1097,7,1,834,0.0,0,0,0,0,1,0
25,1,0,1175,7,1,869,1.0,1,0,0,0,1,0
25,1,1,620,0,0,0,2.0,0,0,1,0,0,0
25,1,1,872,7,1,486,0.0,0,0,1,0,0,0
25,1,1,1374,8,1,924,0.0,1,0,0,0,0,1
25,1,0,1388,8,1,819,1.0,1,0,0,0,0,1
25,1,0,936,8,1,554,2.0,0,0,0,0,0,1
25,1,0,508,3,0,0,0.0,1,0,0,0,1,0
25,1,0,145,3,0,0,0.0,1,0,0,0,1,0
25,1,0,118,2,0,0,0.0,1,0,0,0,1,0
25,1,1,363,1,0,0,0.0,1,0,0,0,0,1
25,1,0,237,2,0,0,0.0,1,0,0,0,0,1
25,1,1,591,7,1,503,0.0,1,0,0,0,0,1
25,1,1,909,5,0,0,0.0,0,0,0,0,0,1
25,1,0,571,5,0,0,0.0,1,0,0,0,0,1
25,1,1,618,7,1,244,0.0,1,0,0,0,0,1
25,1,1,254,3,0,0,1.0,0,0,0,0,0,1
25,1,1,811,8,1,429,0.0,1,0,0,0,0,1
25,1,0,1082,8,1,1072,0.0,0,0,0,0,0,1
25,1,0,631,6,0,0,0.0,1,0,0,0,0,1
25,1,1,568,2,0,0,0.0,0,0,0,0,0,1
25,1,0,1087,8,1,691,0.0,0,0,0,0,0,1
25,1,0,491,6,0,0,1.0,0,0,0,0,1,0
25,1,1,1152,8,1,917,0.0,1,0,0,0,1,0
25,1,0,495,3,0,0,0.0,1,0,0,0,1,0
25,1,0,692,8,1,356,0.0,1,0,0,0,1,0
25,1,1,903,4,0,0,0.0,1,0,0,0,1,0
25,1,0,1155,8,1,755,1.0,1,0,0,0,1,0
25,1,1,1258,8,1,1172,1.0,1,0,0,0,1,0
25,1,0,874,7,0,0,1.0,0,0,0,0,1,0
25,1,1,953,8,1,934,0.0,1,0,0,0,1,0
25,1,1,667,6,0,0,1.0,0,0,0,0,1,0
25,1,0,465,7,0,0,0.0,1,0,0,0,1,0
25,1,0,393,1,0,0,0.0,0,0,0,0,1,0
25,1,0,764,7,1,756,2.0,0,0,0,0,1,0
25,1,0,672,7,1,659,0.0,1,0,0,0,1,0
25,1,0,463,3,0,0,0.0,1,0,0,0,1,0
25,1,1,543,6,1,533,1.0,0,0,0,0,1,0
25,1,0,844,6,0,0,0.0,0,0,0,0,1,0
26,1,0,902,4,0,0,1.0,1,0,0,0,1,0
26,1,1,1217,8,1,314,1.0,1,0,0,0,1,0
26,1,0,293,1,0,0,0.0,0,1,0,0,1,0
26,1,1,869,5,0,0,2.0,1,0,0,0,1,0
26,1,1,976,3,0,0,1.0,0,0,0,0,1,0
26,1,0,539,4,0,0,1.0,1,0,0,0,1,0
26,1,1,426,6,0,0,0.0,0,0,0,0,1,0
26,1,1,793,8,1,680,2.0,0,0,0,0,1,0
26,1,0,526,0,0,0,1.0,0,0,0,0,0,1
26,1,1,693,2,0,0,0.0,0,0,0,0,0,1
26,1,1,836,5,0,0,1.0,0,0,0,0,0,1
26,1,1,462,3,0,0,0.0,0,0,0,0,0,1
26,1,0,563,2,0,0,0.0,0,1,0,0,0,1
26,1,0,650,4,0,0,0.0,1,0,0,0,0,1
26,1,1,441,4,0,0,1.0,0,1,0,0,0,1
26,1,1,880,6,0,0,0.0,0,0,0,0,0,1
26,1,1,536,6,1,500,0.0,0,0,0,0,1,0
26,1,1,764,1,0,0,0.0,1,0,0,0,1,0
26,1,1,942,3,0,0,1.0,0,0,0,0,1,0
26,1,0,563,4,0,0,1.0,1,0,0,0,1,0
26,1,1,698,7,1,503,0.0,1,0,0,0,1,0
26,1,1,861,7,1,412,1.0,0,0,0,0,1,0
27,1,1,41,2,0,0,0.0,0,0,0,0,0,1
27,1,1,668,5,1,286,1.0,1,0,0,0,0,1
27,1,1,630,5,1,630,2.0,1,0,0,0,0,1
27,1,1,473,5,1,231,1.0,0,0,0,1,0,0
27,1,0,244,5,1,63,0.0,1,0,0,1,0,0
27,1,1,399,5,1,302,0.0,1,0,0,0,1,0
27,1,1,252,5,1,165,0.0,0,0,0,0,1,0
27,1,1,401,3,0,0,4.0,1,0,0,0,1,0
27,1,1,594,3,0,165,0.0,1,0,0,0,1,0
27,1,1,407,2,0,0,3.0,0,0,0,0,1,0
27,1,1,256,2,0,0,1.0,0,0,0,0,1,0
27,1,0,196,2,0,0,1.0,0,0,0,0,1,0
27,1,0,395,5,1,330,0.0,1,0,0,0,1,0
27,1,0,562,5,1,423,1.0,1,0,0,0,1,0
27,1,1,339,5,1,106,1.0,0,0,0,0,1,0
27,1,1,118,4,0,0,0.0,1,0,0,0,1,0
27,1,0,309,5,0,0,1.0,0,0,0,0,0,1
27,1,0,510,6,1,377,2.0,1,0,0,0,0,1
27,1,1,345,6,1,180,0.0,1,0,0,0,0,1
27,1,0,386,6,1,363,3.0,1,0,0,0,0,1
27,1,1,382,4,0,299,2.0,1,0,0,0,0,1
27,1,1,271,2,0,0,0.0,0,0,0,0,0,1
27,1,0,54,3,0,0,0.0,1,0,0,0,0,1
27,1,0,292,1,0,0,1.0,0,1,0,0,0,1
27,1,0,176,1,0,0,4.0,0,0,0,0,1,0
27,1,0,645,3,0,0,1.0,0,1,0,0,0,1
27,1,0,215,1,0,0,1.0,1,0,0,0,0,1
27,1,0,51,2,0,0,0.0,1,0,0,0,0,1
27,1,0,139,1,0,0,0.0,1,0,0,0,0,1
27,1,0,283,3,0,0,1.0,1,0,0,0,0,1
27,1,0,381,5,1,114,2.0,1,0,0,0,0,1
27,1,1,562,5,1,362,0.0,1,0,0,0,0,1
27,1,0,186,2,0,0,1.0,0,1,0,0,0,1
27,1,1,238,2,0,0,2.0,0,0,0,0,0,1
27,1,0,614,5,1,265,1.0,0,1,0,0,0,1
27,1,1,226,4,0,0,0.0,0,0,0,0,1,0
27,1,1,431,5,1,223,0.0,0,0,0,0,1,0
27,1,1,404,5,1,134,3.0,0,1,0,0,0,1
27,1,0,451,5,1,426,0.0,1,0,0,0,0,1
27,1,1,484,3,0,0,0.0,1,0,0,0,0,1
27,1,1,213,3,0,0,1.0,0,0,0,0,1,0
27,1,1,389,5,1,299,0.0,1,0,0,0,1,0
27,1,1,57,1,0,0,0.0,1,0,0,0,1,0
27,1,0,104,2,0,0,0.0,1,0,0,0,1,0
27,1,0,22,1,0,0,0.0,0,0,0,0,1,0
27,1,0,451,5,1,211,2.0,1,0,0,1,0,0
27,1,0,148,2,0,0,1.0,1,0,0,1,0,0
27,1,1,288,5,1,195,1.0,0,0,0,1,0,0
27,1,0,197,5,1,171,0.0,1,0,0,1,0,0
27,1,1,370,5,1,155,0.0,0,0,0,1,0,0
27,1,1,392,5,0,0,1.0,1,0,0,1,0,0
27,1,0,226,2,0,0,1.0,1,0,0,1,0,0
27,1,1,266,3,0,0,0.0,1,0,0,1,0,0
27,1,0,240,2,0,0,0.0,0,0,0,1,0,0
27,1,1,235,2,0,0,0.0,0,0,0,1,0,0
27,1,0,192,5,1,187,0.0,1,0,0,1,0,0
27,1,0,114,3,0,0,0.0,1,0,0,0,0,1
27,1,1,248,1,0,0,1.0,0,0,0,0,0,1
27,1,0,156,2,0,0,2.0,0,0,0,0,1,0
27,1,0,257,3,0,0,1.0,1,0,0,0,1,0
27,1,1,439,5,1,201,0.0,1,0,0,0,1,0
27,1,1,411,4,0,296,3.0,0,0,0,0,1,0
27,1,0,98,1,0,0,0.0,0,0,0,0,1,0
27,1,1,355,4,0,306,3.0,0,0,0,0,1,0
27,1,1,685,4,0,348,5.0,0,0,0,0,1,0
27,1,1,453,4,0,208,0.0,1,0,0,0,1,0
27,1,0,168,4,0,54,0.0,0,0,0,0,1,0
27,1,0,186,3,0,0,0.0,0,0,0,0,1,0
27,1,1,329,1,0,0,1.0,0,0,0,0,1,0
27,1,0,76,2,0,0,0.0,0,0,0,0,1,0
27,1,0,234,5,0,0,0.0,1,0,0,0,1,0
27,1,1,511,7,1,265,2.0,0,0,0,0,1,0
27,1,1,462,6,1,258,0.0,0,0,0,0,1,0
27,1,1,617,5,1,315,4.0,0,0,0,1,0,0
27,1,1,500,4,0,207,1.0,0,0,0,1,0,0
27,1,0,482,4,0,0,1.0,1,0,0,1,0,0
27,1,0,666,5,1,493,2.0,0,1,0,1,0,0
27,1,1,251,3,0,0,2.0,0,0,0,1,0,0
27,1,1,633,5,1,543,1.0,1,0,0,1,0,0
27,1,1,336,5,1,290,0.0,1,0,0,1,0,0
28,1,0,219,2,0,0,0.0,1,0,0,0,0,1
28,1,0,575,3,0,0,0.0,0,0,0,0,0,1
28,1,1,515,6,0,0,0.0,0,0,0,0,0,1
28,1,0,1191,10,1,778,0.0,1,0,0,0,0,1
28,1,1,1234,10,1,1034,1.0,1,0,0,0,0,1
28,1,1,509,5,0,0,1.0,1,0,0,0,0,1
28,1,0,494,7,0,0,0.0,0,0,0,0,0,1
28,1,0,494,7,0,0,0.0,0,0,0,0,0,1
28,1,1,881,3,0,0,1.0,0,0,0,0,0,1
28,1,1,881,3,0,0,1.0,0,0,0,0,0,1
28,1,1,824,8,1,625,1.0,1,0,0,0,0,1
28,1,1,823,8,1,625,1.0,1,0,0,0,0,1
28,1,0,615,7,0,0,1.0,1,0,0,0,0,1
28,1,0,615,7,0,0,1.0,1,0,0,0,0,1
28,1,1,1013,8,1,590,0.0,1,0,0,0,0,1
28,1,1,1013,8,1,590,0.0,1,0,0,0,0,1
28,1,0,459,6,0,0,0.0,0,0,0,0,0,1
28,1,0,458,6,0,0,0.0,0,0,0,0,0,1
28,1,0,712,6,0,0,0.0,1,0,0,0,1,0
28,1,0,712,6,0,0,0.0,1,0,0,0,1,0
28,1,1,309,5,0,0,0.0,1,0,0,0,1,0
28,1,1,310,5,0,0,0.0,1,0,0,0,1,0
28,1,1,790,8,1,726,0.0,0,0,0,0,1,0
28,1,1,790,8,1,727,0.0,0,0,0,0,1,0
28,1,0,884,8,1,456,0.0,1,0,0,0,1,0
28,1,0,884,8,1,456,0.0,1,0,0,0,1,0
28,1,0,495,6,0,0,1.0,0,1,0,0,1,0
28,1,0,495,6,0,0,1.0,0,1,0,0,1,0
28,1,0,384,5,0,0,1.0,1,0,0,0,1,0
28,1,0,384,5,0,0,1.0,1,0,0,0,1,0
28,1,0,155,1,0,0,0.0,1,0,0,0,1,0
28,1,0,155,1,0,0,0.0,1,0,0,0,1,0
28,1,0,375,4,0,0,0.0,0,0,0,0,1,0
28,1,0,375,4,0,0,0.0,0,0,0,0,1,0
28,1,1,483,3,0,0,0.0,1,0,0,0,1,0
28,1,1,483,3,0,0,0.0,1,0,0,0,1,0
28,1,1,601,1,0,0,0.0,1,0,0,0,1,0
28,1,1,601,1,0,0,0.0,1,0,0,0,1,0
28,1,1,173,1,0,0,0.0,0,0,0,0,1,0
28,1,1,173,1,0,0,0.0,0,0,0,0,1,0
28,1,0,500,6,0,0,1.0,0,0,0,0,1,0
28,1,0,500,6,0,0,1.0,0,0,0,0,1,0
28,1,1,343,3,0,0,0.0,0,0,0,0,1,0
28,1,1,343,3,0,0,0.0,0,0,0,0,1,0
29,1,0,442,5,0,0,0.0,0,0,0,1,0,0
29,1,0,782,6,1,587,1.0,1,0,0,1,0,0
29,1,1,988,6,1,722,0.0,0,0,0,1,0,0
29,1,1,1047,6,1,701,0.0,1,0,0,1,0,0
29,1,1,815,6,1,266,0.0,1,0,0,1,0,0
29,1,0,708,5,0,0,0.0,1,0,0,1,0,0
29,1,0,613,4,0,0,0.0,0,0,0,1,0,0
29,1,1,330,5,0,0,1.0,0,0,0,1,0,0
29,1,1,717,6,1,503,1.0,1,0,0,1,0,0
29,1,0,386,7,1,301,0.0,1,0,0,1,0,0
29,1,0,570,7,1,340,0.0,1,0,0,0,1,0
29,1,1,476,7,1,357,0.0,1,0,0,0,1,0
29,1,1,306,1,0,0,0.0,0,0,0,1,0,0
29,1,1,546,7,1,321,0.0,1,0,0,1,0,0
29,1,1,408,7,1,241,2.0,0,0,0,1,0,0
29,1,1,423,6,0,0,0.0,0,0,0,1,0,0
29,1,0,284,5,0,0,0.0,0,0,0,1,0,0
29,1,1,259,2,0,255,0.0,0,0,0,1,0,0
29,1,1,600,7,1,329,3.0,0,0,0,1,0,0
29,1,1,1274,7,1,1002,0.0,0,0,0,0,1,0
29,1,0,954,6,0,0,0.0,0,0,1,0,0,0
29,1,0,948,8,1,853,2.0,0,0,0,1,0,0
29,1,1,981,8,1,612,0.0,1,0,0,1,0,0
29,1,1,388,5,0,0,1.0,0,0,0,1,0,0
29,1,1,1082,8,1,593,1.0,0,0,0,1,0,0
29,1,1,646,5,0,0,2.0,0,0,0,1,0,0
29,1,0,640,7,1,621,2.0,1,0,0,1,0,0
29,1,0,808,7,1,580,0.0,1,0,0,0,1,0
29,1,1,746,7,1,742,0.0,0,0,0,0,1,0
29,1,1,883,5,0,0,0.0,1,0,0,0,1,0
29,1,1,919,4,0,0,1.0,0,0,0,0,1,0
29,1,1,346,2,0,0,1.0,1,0,0,1,0,0
29,1,0,606,6,1,373,0.0,1,0,0,1,0,0
29,1,1,494,4,0,0,0.0,1,0,0,1,0,0
29,1,0,660,5,0,0,2.0,0,1,0,1,0,0
29,1,1,851,7,1,850,1.0,0,0,0,1,0,0
29,1,1,1185,7,1,916,1.0,0,0,0,1,0,0
29,1,1,618,7,1,373,0.0,0,0,0,1,0,0
29,1,1,1177,7,1,962,1.0,0,0,0,1,0,0
